pmid,title,abstract
41342387,Triple 'P' syndrome: Clinical recognition of a rare triad.,"Pancreatitis-panniculitis-polyarthritis (PPP) syndrome is a rare extra-pancreatic manifestation of pancreatic disease. Its pathogenesis is probably related to the direct release of pancreatic lipase into the bloodstream, causing systemic fat necrosis. Initial treatment involves symptomatic relief, while addressing the underlying pancreatic enzyme leakage through endoscopic or surgical interventions. We report the case of a 10-year old girl who presented with abdominal symptoms, ascites, pleural effusion, panniculitis, and arthritis, and was ultimately diagnosed with chronic pancreatitis with associated PPP syndrome. She was successfully treated with percutaneous drainage, antibiotics, and endoscopic pancreatic duct stenting. This case highlights the importance of recognising systemic signs of pancreatic disease in children, which, if left untreated, can lead to significant morbidity and mortality."
41334641,Prognosis of patients with carotid blowout syndrome in the era of endovascular interventions.,"To analyse the prognosis of carotid blowout syndrome (CBS) after endovascular interventions in patients with head and neck cancer. We conducted a retrospective study at a tertiary centre (2000-2019), including demographics, medical history, treatment details, and outcomes of CBS. Among 44 patients with CBS (32 males, 12 females; mean age 65 ± 14 years), squamous cell carcinoma histotype and laryngeal localisation were most common, with 84% having advanced-staged disease. Significant risk factors included prior surgery (70%), neck dissection (48%), radiation (55%), and chemotherapy (66%). Pharyngocutaneous fistula and tracheostomy were present in 32% and 57% of cases, respectively. Radiological findings showed threatened bleeding (62%), sentinel bleeding (11%), and acute rupture (27%). Endovascular treatment achieved haemostasis in 95% of cases, with an 11% rate of acute ischaemic complications. Six-month survival was 28%, with 66% of deaths due to disease progression. Recurrent bleeding occurred in 16% of cases. CBS is a severe complication with a high risk of rebleeding. Endovascular interventions effectively manage bleeding with low rates of complication."
41325403,The experience of demoralization syndrome in patients with decompensated cirrhosis: A qualitative research.,"Demoralization syndrome presents a significant psychological challenge for patients grappling with decompensated cirrhosis, detrimentally impacting their prognosis and quality of life. This study aims to elucidate the experience of demoralization syndrome in these patients and to inform the development of targeted interventions. Through purposeful sampling, semi-structured interviews were carried out with patients receiving treatment at tertiary hospitals in Changsha City, Hunan Province, China, from July to November 2023. Data analysis employed Colaizzi's seven-step method. Among the 18 participants-comprising 12 males and 6 females, aged between 27 and 60 years-interview data revealed 4 themes and 11 sub-themes, including sources of demoralization syndrome (internal and external factors); impact of demoralization syndrome (sleep disturbance, suicidal ideation, social isolation); coping strategies of demoralization syndrome (submission and endurance, avoidance and concealment, acceptance of confronting); mitigation of demoralization syndrome support needs (medical resources, emotional catharsis, social support). Given the diverse sources and implications of demoralization syndrome in patients contending with decompensated cirrhosis, healthcare professionals should prioritize psychological assessment and formulate multidimensional intervention strategies to alleviate its severity."
41320216,K-LARS trial: protocol for a multicentre randomised controlled trial evaluating a knowledge-enhanced digital intervention to prevent low anterior resection syndrome in Korea.,"Low anterior resection syndrome (LARS) is a common functional complication after sphincter-preserving surgery for rectal cancer that significantly impairs the quality of life. Current postoperative management strategies are suboptimal, and effective preventive approaches are lacking. This study aims to evaluate the impact of a mobile-based, knowledge-enhanced digital intervention for reducing the incidence of major LARS. This is a multicentre, open-label, parallel-group, randomised controlled trial to be conducted across three academic medical centres in Korea. A total of 300 adult patients who underwent low anterior resection or stoma reversal after rectal cancer surgery will be randomly assigned in a 1:1 ratio to the intervention group (mobile digital programme) or the control group (standard educational materials). The digital programme includes daily symptom monitoring, exercise suggestions, dietary recommendations and structured feedback from healthcare providers during clinical visits based on outcomes. The primary outcome is the incidence of major LARS (score ≥30) at 12 months postoperatively. Secondary outcomes include longitudinal changes in LARS score, quality of life (European Organisation for Research and Treatment of Cancer (EORTC) Quality of Life Questionnaire (QLQ)-Core 30 (C30), EORTC QLQ-Colorectal Cancer 29 (CR29)), European Quality of Life 5 Dimensions Level Version (EQ-5D-5L), patient satisfaction and programme adherence. Statistical analyses will include stratified chi-squared tests and mixed-effects models based on the intention-to-treat principle. The trial received ethical approval from the Institutional Review Board of the National Cancer Centre, Korea. Written informed consent will be obtained from all participants. The findings will be disseminated through peer-reviewed publications and conference presentations. NCT07041515."
41317280,Ticked Off: Allergic Effector Cells in the Pathogenesis of Alpha-gal Syndrome.,"Alpha-gal syndrome (AGS) is a novel allergic disease characterized by hypersensitivity responses following exposure to the glycan galactose-alpha-1,3-galactose (alpha-gal or α-Gal) attached to mammalian proteins and fats in food, supplements, and medications. Bites from hard-bodied ticks, including Amblyomma americanum (Aa or lone star tick) in the United States, have been identified as drivers of allergic sensitization to alpha-gal. Here, we review clinical presentation, epidemiology, diagnosis, and current understanding of the mechanistic drivers of AGS, with particular focus on the roles of allergic effector cells - mast cells (MCs) and basophils. We explore unique clinical characteristics of AGS through the lens of alpha-gal-specific IgE and MC activation in AGS. We propose potential explanations for delayed symptom onset, inconsistent symptom development, and persistence of allergic symptoms in some AGS patients despite removing all mammal products from the diet. Current evidence implicate bites from hard-bodied ticks as the primary sensitizing agent in AGS. However, there is emerging evidence that other ecto- and endoparasites may also induce alpha-gal-specific IgE. Multiparameter flow and mass cytometry and RNA sequencing have demonstrated an enrichment of unique populations of T, B, invariant natural killer T (iNKT), natural killer B (NKB) and MC progenitor cells in human volunteers with AGS. Recently developed mouse models of AGS will support future studies to identify which cells are critical for the development of AGS. In vitro models of the allergic effector phase of AGS using human sera and novel human alpha-gal-specific IgE monoclonal antibodies in humanized rat allergic effector cell lines, human basophils, human MC lines, and primary human MC cultures, confirm alpha-gal-induced allergic effector cell activation. They also provide a system to study potential alpha-gal-antigen-independent drivers of MC activation in AGS. Efforts are ongoing to understand the epidemiology and immune mechanisms of AGS. Novel reagents (e.g. alpha-gal-specific monoclonal antibodies) and murine AGS models will facilitate deeper investigation of tick-driven, alpha-gal-specific IgE and allergic effector cell-induced pathology in AGS."
41316598,Effectiveness of movement system impairment (MSI) based classification treatment on clinical outcomes among subjects with tibiofemoral hypomobility syndrome: A randomized controlled trial.,"Movement impairment of the knee exists as a repetitive microtrauma from stress induced by altered knee movement or alignment in a specific direction. The movement system impairment approach provides a framework focused on correcting faulty movement patterns. There is a lack of literature on treatment for tibiofemoral hypomobility syndrome. The study aims to compare the effectiveness of movement system impairment-based treatment (MSI) and standard physical therapy care in subjects with tibiofemoral hypomobility syndrome. This randomized controlled trial initially screened ninety-eight participants for eligibility. Of these, sixty-six individuals diagnosed with tibiofemoral hypomobility syndrome were enrolled in this study. Following the baseline assessment, the participants were randomly allocated into the experimental or the control group. Physical performance, pain severity, knee mobility, and disability were evaluated for each patient at baseline and the end of 3rd week. The findings revealed a significant improvement in pain intensity, knee mobility, physical performance, and disability (<0.001) within both groups and between both groups (NPRS p-value <0.001, knee flexion p-value <0.001, knee extension p-value <0.001, KOOS p-value <0.001, sit-to-stand p-value <0.001) over three weeks. The MSI treatment model effectively treats subjects with tibiofemoral hypomobility syndrome and shows greater improvement than standard physical therapy care. These findings suggest that MSI-based treatment can contribute to global health efforts to minimize musculoskeletal conditions. Further studies to bring long-term follow-up and other physical performance outcomes."
41316584,Case report: L3 Entrapped vertebra syndrome as a rare cause of low back pain in a semi-professional female soccer player.,"Entrapped Vertebra Syndrome is a newly described, scarcely documented condition characterized by segmental restriction, facet dysfunction and neuromuscular involvement. We present the case of a 26-year-old semi-professional soccer player with chronic and disabling low back pain, exacerbated by sports activity. The clinical evaluation showed a positive lumbar extension test, unilateral pain at L3-L4 and alterations in core activation. Magnetic resonance imaging revealed anterior displacement of L3 without spondylolisthesis, facet hypertrophy, synovitis at L3-L4, thickening of the ligamentum flavum and edema in the L3 nerve root. Differential diagnosis was established with spondylolisthesis, disc protrusion and femoral nerve entrapment. A rehabilitation program based on central stability and motor control was implemented, achieving functional recovery without recurrence of pain. This case highlights the relevance of an accurate diagnostic approach and the role of therapeutic exercise periodization in the treatment of complex lumbar pathologies in athletes."
41305776,Unmasking nonspecific pain - clinical clues and diagnostic challenges in acute aortic syndromes: Case series.,"Acute aortic syndromes, including dissection and aneurysm, are life-threatening vascular emergencies that often present with vague, nonspecific pain. Such pain may mimic common musculoskeletal or visceral disorders such as vertebrogenic, renal, or gastrointestinal pain, leading to diagnostic delays and adverse outcomes. This case series underscores how atypical vertebrogenic-like pain can conceal underlying aortic pathology and highlights the importance of early imaging in suspicious cases. A 56-year-old man with descending thoracoabdominal aortic aneurysm, and 35-year-old man with Stanford Type A ascending aortic dissection. CT angiography of the aorta due to persistent vertebrogenic back pain despite treatment of lumbar spine pathology revealing a large descending thoracoabdominal aortic aneurysm. In second case a CT scan of the cervical and thoracic spine performed after persistent pain despite cervical vertebrogenic syndrome analgesics treatment led to aortic dissection confirmation. Elective surgical repair of aneurysm via thoraco-phreno-laparotomy. The aneurysm was resected and replaced with a 22-mm aorto-aortic Dacron graft. In second case, an emergency surgery with veno-arterial extracorporeal membrane oxygenation support with an open chest due to ongoing uncontrollable hemorrhage was provided. Patient was discharged on postoperative day 7 in stable condition. A second patient passed away of early complications as systemic inflammatory response syndrome, acute renal failure, and circulatory shock. These cases emphasize the diagnostic challenges of aortic pathologies in the context of misleading clinical features. Physicians must maintain a high index of suspicion for acute aortic syndromes, particularly when encountering atypical or refractory pain in patients with cardiovascular risk factors. Early diagnosis and adherence to guideline-based management are critical to improving survival in these high-risk emergencies."
41287170,[Cameron syndrome and iron deficiency anemia in hiatal hernias].,"Hiatal hernia (HH) can cause iron deficiency anemia (IDA) development. In 5-10% patients with HH, the anemia syndrome is refractory to conservative ferrotherapy, which necessitates the antireflux surgery. A prospective study includes 42 patients with verified HH and comorbid IDA who underwent fundoplication by the method of Petrovsky National Research Center of Surgery for the period from 2023 to 2024. A complex diagnostic algorithm including extensive laboratory testing with determination of red blood cells and ferrokinetic parameters was used in all patients. The effectiveness of intervention was assessed 6 and 12 months after surgery with analysis of clinical and laboratory parameters. A complete regression of gastroesophageal reflux disease symptoms was achieved in 39 (92.8%) patients. Laboratory monitoring after 6 months demonstrated normalization of haemoglobin and serum iron levels in 35 (94.5%) of 37 examined patients. It is noteworthy that the preservation of normal haematological parameters was observed 12 months after the surgery despite the absence of additional ferrotherapy during the second half of the year that indicates a persistent clinical effect of the surgical treatment and the elimination of main anemia pathogenetic factor. The obtained data confirm a high effectiveness of HH surgery in the treatment of refractory IDA associated with Cameron syndrome and emphasize the necessity of timely detection of this pathology to optimize treatment tactics for patients."
41261598,Crowned dens syndrome combined with cervical disc herniation: A case report and literature review.,"Crowned dens syndrome (CDS) is an unusual and frequently underdiagnosed cause of intense neck pain in older people due to the lack of awareness. The clinical presentation often mimics intracranial infections, which may result in unnecessary invasive procedures and the inappropriate use of antibiotics. The patient had a long-standing history of chronic neck pain, and the acute exacerbation was initially misdiagnosed as cervical disc herniation with suspected intracranial infection before the diagnosis of CDS was established. We report the first case of an 80-year-old female patient who presented with severe suboccipital neck pain for 10 days, accompanied by restriction of rotational movement of the neck and low-grade fever. Differentiating CDS from other potential causes of neck pain, such as degenerative cervical spondylosis, fracture, or metastatic spinal tumors, is challenging given the patient's history and clinical presentation. Initially, the patient was diagnosed with cervical spondylosis. However, treatment with pain-relief patches, acupuncture, and physiotherapy did not alleviate these symptoms. Diagnosis of intracranial infection based on laboratory tests and clinical symptoms cannot be ruled out. However, the antibiotics had no effect. Plain cervical computed tomography revealed typical calcification around the odontoid process. Increased levels of inflammatory markers can contribute to the final diagnosis of CDS. Radiography of the knee joints revealed calcium deposits in the cartilage and ligament tissues, with no apparent alteration, deformity, or destruction of the joints. This finding supported the diagnosis. After combined administration of celecoxib, colchicine, and a short course of corticosteroids, the patient's fever subsided rapidly, and both neck pain and restricted cervical mobility improved significantly. Inflammatory markers, including C-reactive protein and erythrocyte sedimentation rate, decreased rapidly and were within normal limits within 7 days. There was no indication of recurrence, and C-reactive protein and erythrocyte sedimentation rate levels returned to normal at the 2-week follow-up. CDS should be considered in cases of acute pain in the neck or occipital regions. Moreover, prompt computed tomography of the cervical vertebrae may guide early diagnosis and avoid unnecessary invasive procedures or administration of antibiotics."
41257749,Transient Headache and Neurological Deficits with cerebrospinal fluid Lymphocytosis (HaNDL) syndrome in children: case report and narrative review.,"The transient Headache and Neurological Deficit with cerebrospinal fluid Lymphocytosis (HaNDL) Syndrome is a rare form of primary headache, with few cases reported in children. We report the case of a 15-year-old female with HaNDL syndrome showing paresthesia to the right side of her face and upper limbs, asthenia, dysarthria and aphasia, followed by left periorbital pulsating headache with moderate nausea, lasting about four hours. Forty-four cases of pediatric HaNDL syndrome are reported in literature (ours included), but only 25 fulfilled all diagnostic criteria according to ICHD-3. Overall, 59.1% were females. Sensory symptoms affected 71.4% of patients, followed by impaired speech (69.0%) and motor symptoms (52.4%). At CSF analysis, the mean value of white blood cells was 201.1/µl; proteinorrhachia was reported in 31 patients (70.5%). When asked, neuroimaging was negative. Symptomatic treatment was reported only in 14 patients (31.8%). HaNDL is a rare self-limiting syndrome affecting both adults and children. The etiology is unknown, but autoimmune mechanisms have been proposed. HaNDL is a diagnosis of exclusion: differential diagnoses include stroke, tumors, epilepsia, neuro-infective disorders, autoimmune encephalitis, vasculitis, hemiplegic migraine and migraine with aura. Usually, HaNDL episodes last less than 3 months; therapy is symptomatic. The diagnostic work out includes CSF analysis, neuroimaging and EEG. The treatment is symptomatic, and the course is self-limiting, usually resolving within 3 months."
41253349,[Two Patients with Lung Cancer and Trousseau Syndrome Diagnosed Using Liquid Biopsy-Long-Term Survival after Tyrosine Kinase Inhibitor Administration].,"Patients with Trousseau syndrome have been reported to have a poor prognosis when a malignant tumor is concurrently present. Moreover, biopsy can be difficult to perform due to hemorrhage during anticoagulant treatment. We present 2 cases of patients with Trousseau syndrome who were diagnosed with lung cancer using liquid biopsy and document their long-term survival following tyrosine kinase inhibitor treatment."
41253022,Post-embolisation syndrome trajectories and predictors in patients with hepatocellular carcinoma undergoing transarterial chemoembolisation: A retrospective study.,"Although post-embolisation syndrome (PES) is a well-known adverse effect, little is known about its trajectory across repeated transarterial chemoembolization (TACE) sessions. This study aimed to examine longitudinal changes in PES occurrence across repeated TACE sessions and to explore whether the predictors of PES vary depending on the treatment session. This study comprised a retrospective review of 1491 records of TACE from a single tertiary hospital. Clinical data including tumour characteristics, procedural details, and laboratory parameters were extracted. Descriptive statistics, chi-square tests, analysis of variance (ANOVA) with Scheffé post-hoc tests, and Pearson correlations analyses were performed. A generalised linear mixed model with random intercepts was applied and sensitivity analyses were conducted to test the robustness of the model. PES occurrence remained stable up to the eighth session but showed greater variability and a resurgence in frequency after the 14th TACE. Elevated post-TACE alanine aminotransferase (ALT) levels were consistently associated with increased odds of PES across all treatment phases, with a five-fold higher risk observed after the 14th session (OR = 5.17, p = .27). Overall, liver enzyme and immune-inflammatory markers such as ALT and C-reactive protein (CRP)-to-lymphocyte ratio were the primary determinants influencing PES trajectory. This study identified the longitudinal trajectory and predictors of PES across repeated TACE sessions, showing increased incidence after the 14th session and consistent associations with hepatic and immune-inflammatory markers. These findings highlight the need for phase-specific, nurse-led monitoring and hepatoprotective care to manage evolving PES risks throughout the TACE trajectory."
41249905,A case report of CLIPPERS syndrome with gait and cognitive impairment.,"Chronic Lymphocytic Inflammation with Pontine Perivascular Enhancement Responsive to Steroids (CLIPPERS) syndrome is a rare, chronic inflammatory central nervous system (CNS) disorder. It primarily involves the brainstem and cerebellum, presenting with subacute neurological symptoms. A 44-year-old male presented with progressive gait imbalance, cognitive dysfunction, and behavioral changes over six weeks. Neurological examination revealed a wide-based unsteady gait, cerebellar dysmetria, and mild cognitive deficits. Cerebrospinal fluid (CSF) analysis showed lymphocytic pleocytosis and elevated protein, while infectious and neoplastic causes were ruled out. Brain MRI demonstrated nodular and patchy lesions involving the cerebellum, brainstem, and thalamus, with characteristic pepper-like post-contrast enhancement consistent with CLIPPERS syndrome. High-dose intravenous methylprednisolone (1 g/day for 5 days) led to significant clinical improvement, including resolution of gait disturbance and cognitive deficits. Follow-up MRI showed a marked reduction in lesion size. Maintenance therapy with oral methotrexate was initiated to sustain remission. CLIPPERS syndrome should be considered in patients presenting with subacute pontocerebellar dysfunction and characteristic MRI findings. Early diagnosis and prompt corticosteroid therapy can lead to favorable outcomes. Long-term immunosuppressive treatment is essential to prevent relapse. Careful follow-up is required to monitor for recurrence and potential malignant transformation."
41227349,"SERBP1: A Multifunctional RNA-Binding Protein Linking Gene Expression, Cellular Metabolism, and Diseases.","SERBP1 (SERPINE1 mRNA-Binding Protein 1), as an RNA-binding protein with multiple biological functions, has become a research hotspot in the field of life sciences in recent years. Its unique molecular structure, such as the presence of RG/RGG repeat sequences and the absence of typical RNA-binding domains, enables it to exert diverse roles in cells. This article systematically reviews the research progress of SERBP1 in various fields including cellular stress response, tumorigenesis and development, reproductive system regulation, nervous system function, and viral infection, elaborates on its mechanism of action in detail (including newly supplemented content on cell cycle regulation, interaction with PARP1, and ribosome biogenesis), and outlines future research directions. It aims to provide a reference for in-depth understanding of the biological functions of SERBP1 and the diagnosis and treatment of related diseases."
41213757,Successful management of parvovirus B19-associated maternal mirror syndrome: A case report and review of the literature.,"Maternal mirror syndrome (MMS), or Ballantyne syndrome, is a rare complication of pregnancy characterized by maternal symptoms that parallel fetal hydrops. Though originally associated with rhesus isoimmunization, MMS can result from diverse immune and non-immune conditions, including Parvovirus B19 (PVB19) infection. This report emphasizes the importance of early recognition and management of MMS secondary to PVB19 infection. A 38-year-old G2P1 patient at 27 + 2 weeks was diagnosed with severe fetal anemia and hydrops via ultrasound and underwent intrauterine blood transfusions (IBT). The patient subsequently developed MMS, showing significant anasarca, altered liver function, and an elevated sFLT/PLGF ratio. Treatment with albumin and furosemide effectively stabilized her condition. Delivery occurred via cesarean section at 32 weeks following preterm premature rupture of membranes, with the neonate requiring NICU admission and intensive care. Timely diagnosis and treatment of MMS due to PVB19 can significantly improve maternal and neonatal outcomes in complex cases."
41211905,[Semicircular canal dehiscence syndrome: a variety of complaints and treatment difficulties].,"The syndrome of the third mobile window of the semicircular canals (or Minor's syndrome) is a degeneration of the bone wall of the upper semicircular canal, first described by L. Minor in 1998. This is a rare lesion of the inner ear, which is characterized by hearing impairment and vestibular manifestations. The presence of bone wall degeneration of the semicircular canal in 50% of patients can be detected during a standard CT scan of the temporal bone (in 1 mm increments) in the frontal (coronary) projection or in the oblique coronary projection in the PC plane. Minor syndrome occurs in only 2% of the population, however, it is possible that the disease is more common. Although the disease has been studied since 1929, consideration of new cases of this syndrome has made it possible to expand information about the clinical signs and methods of their control. Clinical manifestations are divided in to two main groups: auditory and vestibular disorders. However, cognitive impairments in this group of patients and headache associated with the syndrome have also been described. The severity of clinical signs is also very variable. The variety of clinical signs and the insufficient possibilities of their quantitative accounting limit the clinician in choosing the optimal treatment strategy, which led to the study of available materials on this disease. The purpose of this work is to investigate the most common clinical signs of the syndrome and current recommendations for the treatment of patients with this pathology. The article provides a literature review of Pub Med, Medline, Springer, eLibrary databases, as well as relevant Russian scientific articles found using Google Scholar. The relevant information obtained is combined, structured and analyzed in order to study the representation of auditory and vestibular disorders in this group of patients, and the proposed treatment algorithms for this pathology. The use of the proposed diagnostic criteria for this syndrome, the study of several uniquely formulated complaints of patients hiding vestibular and auditory disorders, verification of clinical signs using computed tomography methods will make it possible to identify the disease as quickly as possible, and the use of a stepwise algorithm for monitoring and treatment will improve the quality of life of this group of patients."
41204471,Treating steroid-dependent psoriasis from the blood-heat syndrome perspective: A case report.,"Psoriasis is a chronic, inflammatory dermatosis with a complex pathogenesis. Steroid-dependent psoriasis represents a therapeutic challenge, as conventional treatments often yield suboptimal responses and relapse. In traditional Chinese medicine (TCM), psoriasis is categorized as ""Bai Bi,"" and the blood-heat syndrome is a core pathological pattern driving inflammation and progression. However, the efficacy of TCM strategies specifically targeting this syndrome in steroid-dependent cases requires further documentation. A 68-year-old male presented with a 20-year history of recurrent, widespread erythematosquamous plaques, and severe, refractory pruritus. The condition had acutely exacerbated in the preceding week. Previous long-term therapies with topical corticosteroids and calcipotriol provided only transient improvement with frequent recurrence. The patient was diagnosed with active-phase, steroid-dependent psoriasis (Western medicine). TCM syndrome differentiation identified a pattern of blood-heat with dampness-wind. Retrospective severity assessment estimated a psoriasis area and severity index score of 16.7 and body surface area involvement of 15%, indicating severe disease. A stage-adapted TCM therapeutic strategy was employed, centered on a modified ""Buffalo Horn and Rehmannia Decoction"" (Shui Jiao Dihuang Tang). The core principle was to cool the blood, resolve toxins, and dispel dampness and wind. The prescription was dynamically adjusted across 3 clinical visits over 3 months based on symptom evolution, including dose modifications of key herbs like Buffalo Horn and the addition of agents to address pruritus, sleep disturbance, and residual hyperpigmentation. Following the 3-month intervention, complete resolution of skin lesions and elimination of pruritus were achieved. The patient maintained clinical remission without recurrence during an 11-month follow-up period, based on self-report. This case documents clinical improvement following TCM intervention in steroid-dependent psoriasis. Important limitations include the single-case design, lack of control group, retrospectively estimated psoriasis area and severity index/body surface area scores, and self-reported long-term outcomes. The observed temporal association between intervention and improvement may reflect natural disease variation, placebo effects, or other confounding factors. While this preliminary observation merits further investigation through rigorous prospective studies, the current evidence level remains limited and cautions against causal interpretation."
41201654,Trochanteric reduction osteotomy for refractory greater trochanter painful syndrome.,"Conservative treatment is considered the gold standard for managing greater trochanteric pain syndrome (GTPS), with a reported success rate of 90%. However, when conservative measures fail, surgical intervention may be necessary. Various surgical techniques have been described, but consistent results remain elusive. This study aims to present our outcomes using trochanteric reduction osteotomy (TRO) as a rescue technique for refractory GTPS cases without gluteal tears. We retrospectively evaluated all cases of GTPS refractory to conservative treatment that were managed with isolated TRO at a single center. The Visual Analogue Scale (VAS), the Western Ontario and McMaster Universities Arthritis Index (WOMAC), and the Non-Arthritic Hip Score (NAHS) were assessed preoperatively and at the end of follow-up. Additionally, patients were asked if they were satisfied with the procedure and whether they would undergo the surgery again. Complications were also recorded. A total of 11 TROs were performed in 10 patients with a minimum follow-up of 3 years (3-5.5). The series comprised 90% women, with an average age of 49 years. The mean improvement of the scores was: VAS 5 (- 2/8) points; NAHS 29.24 (- 16/52) points; WOMAC 34.59 (- 40/63) improving in all 3 categories. All patients except one were satisfied with the outcomes. Complications occurred in 5 cases (45.5%), all requiring reoperation: 3 for osteosynthesis failure due to delayed healing, 1 for symptomatic pseudarthrosis, and 1 for a subtrochanteric fracture. Despite a high complication rate, the clinical outcomes at the end of follow-up are promising, with most patients reporting satisfaction. We believe this surgical option should be considered as part of the therapeutic arsenal for GTPS cases refractory to conservative treatment. Case series with no control group."
41172437,Platypnea-orthodeoxia syndrome: echocardiography-guided percutaneous treatment.,"Platypnea-orthodeoxia syndrome, first described in 1949, is a rare clinical condition characterized by positional dyspnea and oxygen desaturation in the upright position that improves when lying down. Herein, we report the case of an 86-year-old patient who experienced episodes of dyspnea on assuming an upright position, which limited her daily activities. The patient's oxygen saturation was 82% in the standing position and 91% in the supine position. During diagnostic investigation, a patent foramen ovale was identified using transesophageal echocardiography. The patient underwent percutaneous patent foramen ovale closure with an Amplatzer device, which resulted in significant improvement in her symptoms and oxygen saturation. Diagnosis of this condition requires a high index of clinical suspicion and is confirmed when the syndrome's signs and symptoms correlate with the presence of a right-to-left interatrial shunt. It is predominantly diagnosed using echocardiography with agitated saline injection."
41165509,Functional Outcomes After Rectal ESD: A Retrospective Evaluation of Low Anterior Resection Syndrome.,"Endoscopic submucosal dissection (ESD) is increasingly preferred as an alternative to surgery and as an organ-preserving method for the treatment of rectal lesions. However, its impact on bowel function-particularly the development of low anterior resection syndrome (LARS)-remains poorly understood. This study aimed to evaluate the incidence of LARS following rectal ESD and to identify associated clinical and pathological factors. Data from 118 patients who underwent rectal ESD between January 2018 and December 2024 were retrospectively analyzed. Demographic characteristics, lesion location and size, histopathological findings, and LARS scores were recorded. All procedures were performed by the same experienced colorectal surgeon. For functional assessment, patients were contacted by telephone, and the LARS score was administered. Of the patients included in the study, 60.9% were male, with a mean age of 68.2 ± 11.0 years. In total, 93.2% of lesions were located in the rectum, while 6.8% were located in the anal canal or anorectal junction. The mean lesion size was 5.04 ± 3.19 cm. Lymphovascular invasion was detected in four patients. Minor LARS was observed in 3.4% (n = 4) of cases, and no cases of major LARS were identified. All patients with LARS had adenomas located in the lower rectum containing high-grade dysplasia. The incidence of LARS after rectal ESD is low and limited to minor symptoms. Lesion location, size, and dysplasia grade may influence LARS development. These findings support ESD as a functionally safe treatment approach. Further validation in larger, prospective studies is warranted. This study was a retrospective observational analysis."
41163611,Hoffmann Syndrome: A rare presentation of hypothyroid myopathy.,"Thyroid dysfunction is typically associated with systemic metabolic disturbances and may also present as thyroid myopathy. Understanding this relationship is crucial for recognizing its clinical manifestations and guiding appropriate management. This report describes the case of a 29-year-old male who presented with unusual swelling in his right leg along with persistent stiffness in his calf muscles. Physical examination revealed striking diffuse pseudo-hypertrophy of the calf muscles, accompanied by a positive Gowers' sign, indicating underlying muscular weakness. Laboratory investigations confirmed classic features of hypothyroidism, including markedly low triiodothyronine (T3) and thyroxine (T4) levels, elevated thyroid-stimulating hormone (TSH), and increased muscle enzyme levels. Remarkably, following the initiation of levothyroxine therapy, the patient exhibited a dramatic and progressive improvement in symptoms. The clinical picture was consistent with Hoffman syndrome, a rare manifestation of hypothyroid myopathy marked by visibly enlarged calf muscles and progressive muscle weakness. This rapid response underscores the importance of early diagnosis and timely treatment, which can lead to a full recovery even in cases with such rare presentations. Overall, this case serves as a reminder that thyroid disorders may occasionally manifest in unexpected ways, and with prompt intervention, patients can achieve significant clinical improvement."
41159261,MEPPC Syndrome: A Systematic Review and State-of-the-Art Paper.,"Multifocal ectopic Purkinje-related premature contractions syndrome presents as a rare cardiac disorder characterized by frequent multifocal ectopic ventricular beats with narrow QRS complexes, originating from various ectopic foci along the fascicular-Purkinje system. It is characterized by mutations in the <i>SCN5A</i> gene, inducing a gain-of-function in the human cardiac voltage-gated Na<sup>+</sup> channel (Na<sub>v</sub>1.5), which causes an alteration in the action potentials of the cardiomyocytes. The syndrome was initially delineated in 2012 by Laurent et al in 3 Dutch families, subsequently garnering recognition through several reported cases worldwide. Clinically, it often manifests with a familial predisposition to other arrhythmogenic cardiac diseases, alongside symptoms such as palpitations and syncope. A key diagnostic hallmark is the high daily burden of multifocal premature ventricular contractions observed on 24-hour dynamic ECG, with evidence of repetitive ventricular arrhythmias. This can potentially induce a reversible form of left ventricular dilation with systolic dysfunction, known as premature ventricular contraction-induced cardiomyopathy. Diagnosis may be challenging, requiring exclusion of the most frequent causes of ventricular arrhythmias first. The disappearance of arrhythmias during a stress test and the inefficacy of catheter ablation procedures may serve as additional elements to bolster the suspicion of multifocal ectopic Purkinje-related premature contractions syndrome. Genetic testing and electrophysiological studies are pivotal in confirming the diagnosis. Therapeutic management of this syndrome primarily involves medical therapy with class I antiarrhythmic drugs, such as flecainide and quinidine, which may reduce ventricular arrhythmias and associated symptoms. In this systematic review, our aim was to provide an exhaustive insight into the genetic basis, diagnosis, and treatment strategies for this intriguing yet relatively underexplored syndrome."
41143383,Challenges in diagnosing sticky platelet syndrome using light transmission aggregometry: a scoping review.,"Sticky Platelet Syndrome (SPS) is an inherited platelet hyperreactivity disorder associated with recurrent arterial and venous thrombosis. However, its diagnosis remains controversial due to substantial variability in light transmission aggregometry (LTA), the reference method. To map current diagnostic practices, we conducted a scoping review following PRISMA-ScR and JBI methodology, systematically searching Scopus, MEDLINE, Embase, and Google Scholar. We included 27 studies that collectively demonstrate considerable heterogeneity in patient preparation, sample handling, agonist usage, and data interpretation. These differences span pre-analytical and analytical variables such as washout periods, citrate concentration, centrifugation conditions, and threshold derivation methods. While detailed synthesis is ongoing, our preliminary observations highlight critical inconsistencies that may limit comparability across laboratories. This review underscores the need for standardized diagnostic approaches. Establishing harmonized protocols and validating them across centers could improve diagnostic accuracy and support better platelet function testing in SPS and related disorders."
41135348,Passenger lymphocyte syndrome: A rare cause of post-transplant hemolysis following minor ABO-incompatible living donor liver transplantation.,"Passenger lymphocyte syndrome (PLS) is a rare cause of sudden-onset hemolytic anemia 1-3 weeks after hematopoietic stem cell or solid organ transplantation. Early recognition is key as it informs transfusion protocols. Diagnostic is based on the detection of theses antibodies using direct antiglobulin test (DAT), elution and titration. When treatment is needed, antigen-negative transfusion is sufficient in most cases. Severe cases management includes glucocorticoids, rituximab, plasmapheresis and intravenous immunoglobulins. We report two cases of PLS in living donor liver transplant with minor ABO incompatibility. Both patients developed symptomatic anemia and required red blood cell transfusions, as well as escalation of immunosuppressive therapy."
41126705,[Acute vestibular syndrome].,"Acute vestibular syndrome (AVS) requires a systematic approach to differentiate between central and peripheral causes, as conditions like stroke and vestibular neuritis can present similarly. The head impulse, nystagmus, skew deviation, and hearing test examination (HINTS+) is effective in distinguishing strokes with high sensitivity. Most important for treatment of peripheral AVS includes vestibular rehabilitation, while central causes require targeted therapies. A multidisciplinary approach is essential for effective diagnosis and management in order to improve outcomes and quality of life, as argued in this review."
41114639,Foreign Accent Syndrome Caused by a Right Frontotemporal Meningioma: A Case Report.,"Foreign accent syndrome (FAS) is a rare speech disorder characterized by the unintended emergence of a foreign-sounding accent. While the precise pathophysiology of this syndrome has not been identified, FAS is thought to result from disruptions in pitch, inflection, stress, and articulation, leading listeners to perceive a foreign accent. It is most commonly associated with stroke, but can also result from traumatic brain injury, demyelinating disease, or neoplasm. We present the case of a 59-year-old, right-handed, native English-speaking female from West Virginia who developed FAS secondary to a right frontotemporal meningioma. Clinical assessment, imaging, and surgical records were reviewed to evaluate the etiology and course of her speech disturbance. Despite a complete and uncomplicated safe surgical resection, the speech disorder persisted. This outcome contrasts with other reported cases in which FAS resolved following treatment of the underlying lesion, suggesting potential irreversible disruption to the brain's speech networks. This case highlights the complexity of FAS and contributes to the growing evidence that the disorder may result from disruption of distributed cortical and subcortical speech networks, rather than a single anatomical site. Furthermore, it highlights the possibility of persistent deficits even after successful treatment of the underlying structural lesion. These findings emphasize the importance of early recognition, supportive communication strategies, and multidisciplinary care planning, particularly by bedside nurses and Advanced Practice Registered Nurses, to address both the neurologic and psychosocial impacts of persistent speech disturbances like FAS."
41108854,Mapping symptom networks at time of presentation with metastatic lung cancer: Age-related differences and insights from cluster analysis.,"Patients with metastatic lung cancer often experience significant symptom burden. This study aimed to describe baseline symptoms in adults with metastatic lung cancer at diagnosis, identify age-related differences, and examine symptom clusters and intercorrelations. This retrospective study analyzed Edmonton Symptom Assessment System scores from patients with newly diagnosed stage IV lung cancer (2015-2016). Patients were stratified by age (<65 vs ≥65 years). Descriptive statistics, generalized linear regression analysis, principal component analysis, and network analysis were used to examine symptom profiles and clustering. Of the 359 included patients, 213 (58.3%) were ≥ 65 years old. Median (interquartiles) total symptom distress score was 22 (11, 39). Two main symptom clusters emerged: physical (pain, tiredness, drowsiness, nausea, lack of appetite, shortness of breath) and psychological (depression, anxiety, wellbeing). No significant differences in overall symptom burden were found between age groups, except older patients reported worse lack of appetite (p = 0.04). Network analysis identified wellbeing, tiredness, and depression as central, highly interconnected symptoms across age groups. Older and younger patients with metastatic lung cancer experience a similar high symptom burden at diagnosis. Routine comprehensive symptom assessment is important for all age groups. The identified symptom clusters and central symptoms may help guide targeted supportive care interventions to improve quality of life in this population."
41105845,Inter-observer Reliability of Sacral Slope Measurements in Healthy Individuals: Implications for Hip-Spine Syndrome.,"Hip-spine syndrome is a complex condition characterized by concurrent degenerative pathologies of the hip and lumbar spine, often leading to significant morbidity. Accurate radiographic measurements are critical for diagnosing and managing this syndrome, particularly in the context of total hip arthroplasty. This study aimed to evaluate the interobserver reliability of sacral slope measurements on pelvic radiographs in healthy individuals to enhance diagnostic accuracy and treatment strategies. This cross-sectional study included 30 healthy volunteers (15 male, 15 female) aged 25 to 50 years, with no history of spinal, hip, or pelvic pathology. Lateral pelvic radiographs were taken in both standing and sitting positions. Sacral slope was measured by four independent observers, including radiologists and orthopaedic surgeons. Intraclass correlation coefficients with 95% confidence intervals (CIs) were calculated using linear mixed-effects models to assess interobserver reliability. Data analysis was performed using SAS and SPSS software. The mean sacral slope measurements for standing and sitting positions were as follows: observer 1 (standing: 39.59° ± 6.67°, sitting: 26.83° ± 10.84°), observer 2 (standing: 38.02° ± 6.76°, sitting: 22.11° ± 10.71°), observer 3 (standing: 41.15° ± 6.63°, sitting: 26.04° ± 12.48°), and observer 4 (standing: 39.53° ± 6.93°, sitting: 24.80° ± 12.00°). The intraclass correlation coefficient for standing sacral slope was 0.956 (95% CI, 0.916 to 0.978) and for sitting sacral slope was 0.974 (95% CI, 0.944 to 0.988), both indicating excellent interobserver reliability. Sacral slope measurements on lateral pelvic radiographs exhibit excellent interobserver reliability, making them reliable indicators of pelvic orientation. This reliability is crucial for the clinical utility of sacral slope as a metric for assessing spinopelvic alignment, particularly in the management of hip-spine syndrome and in patients undergoing total hip arthroplasty."
41102706,Targeting mitochondrial transporters and metabolic reprogramming for disease treatment.,"In the realm of cellular biochemistry, mitochondria have been increasingly recognized for their critical role in both cellular metabolism and the etiology of various diseases. Mitochondrial transporters (MTs) are essential for maintaining cellular energy dynamics and metabolic fluxes by facilitating the bidirectional transfer of metabolites across mitochondrial membranes. Dysregulation of these transporters, such as the mitochondrial pyruvate carrier (MPC), citrate carrier (SLC25A1), and voltage-dependent anion channel (VDAC), disrupts energy metabolism, redox balance, and cellular signaling, contributing to the pathogenesis of neurodegenerative diseases (NDDs), cardiovascular diseases (CVDs), type 2 diabetes (T2D), and cancer. In NDDs, impaired transporters exacerbate oxidative stress and neuronal death, while in CVDs, they lead to energy deficits and heart failure. In T2D, dysfunctional transporters like MPC and carnitine palmitoyltransferase (CPT) systems drive insulin resistance and metabolic dysregulation. In cancer, upregulated transporters such as citrate carrier (SLC25A1), and dicarboxylate carrier (SLC25A10) as well as metabolic shifts like the Warburg effect support tumor growth and survival. Targeting MTs and metabolic reprogramming (MR) offers significant therapeutic potential. Preclinical studies have demonstrated the efficacy of mitochondrial-targeted therapies (MTT), such as adenosine monophosphate-activated protein kinase (AMPK) activators and antioxidants, in restoring metabolic homeostasis and reducing disease pathology. In cancer, inhibitors of glutamine transporters and VDAC1 are being explored to disrupt tumor metabolism. Several therapies are advancing to clinical trials, including mitochondrial-targeted drugs for NDDs and metabolic modulators for T2D and cancer, highlighting their translational potential. Despite notable individual achievements and isolated reviews in this field, there remains a lack of comprehensive syntheses that integrate these advancements. This review seeks to combine the prevailing scientific evidence and outline prospective research trajectories. The gathered data robustly support the significant potential of targeting MTs as a groundbreaking approach in the treatment of complex diseases, with the potential to significantly improve health outcomes and mitigate disease progression."
41094664,An acute presentation of Wunderlich's syndrome with angiomyolipoma: a case report.,"Angiomyolipomas are often associated with tuberous sclerosis and are typically benign soft tissue tumors found incidentally on imaging. The main complication is retroperitoneal hemorrhagic rupture, leading to Wunderlich's syndrome. This case report presents a unique case of a 48-year-old Hispanic female patient with Wunderlich's syndrome displaying atypical symptoms, including hematemesis, abdominal pain, and nausea. The workup revealed significant anemia and renal failure. The patient had no known history of tuberous sclerosis. Computed tomography imaging showed retroperitoneal hemorrhage from bilateral angiomyolipomas, and the patient was treated with arterial embolization for stabilization. No further hemorrhage occurred during the hospitalization, and the patient was eventually discharged in stable condition. This report presents a case of Wunderlich's syndrome caused by hemorrhage of renal angiomyolipomas, presenting as a medical emergency. Although renal angiomyolipomas are rare benign tumors, complications such as bleeding can occur. Clinicians should consider renal angiomyolipomas in patients with acute renal failure, anemia, and abdominal pain to enable early diagnosis and treatment."
41084227,Klebsiella pneumoniae Invasive Syndrome without Liver Abscess: A Case Report.,"BACKGROUND Klebsiella pneumoniae invasive syndrome (KPIS), a rare severe multi-site infection, typically caused by hypervirulent Klebsiella pneumonia, has a high mortality rate, usually ranging from 10% for antimicrobial-sensitive strains to 24% for resistant strains, and often requires prolonged treatment. Most cases have been reported in East Asia, with a handful documented in India, to date. The incidence is also rising in Western countries. CASE REPORT We report the case of a 45-year-old Indian man who presented with fever, low back pain, and asymmetric arthralgia for the past 20 days, along with new acute-onset right-sided hemiparesis and slurred speech. Laboratory test results were significant for elevated leukocyte counts and inflammatory markers (ESR and CRP). MRI of the brain revealed multiple lesions, with accompanying hemorrhage and edema at grey white-matter junction. PET-CT revealed septic collections at multiple sites, including the spleen, kidney, left knee joint, and L5-L6 vertebrae, along with paravertebral and psoas abscesses. Cultures of vertebral abscess confirmed Klebsiella pneumoniae, with a positive string test, consistent with a hypermucoviscous phenotype; however, genetic testing for hypervirulent genes could not be performed, due to unavailability. Given these findings, KPIS diagnosis was likely. Treatment was 6 weeks of antibiotics, empiric vancomycin and gentamicin, followed by de-escalation to amoxicillin-clavulanic acid. CONCLUSIONS KPIS can occur in immunocompetent hosts and should be considered in cases of unexplained systemic inflammation with multifocal abscesses. Hepatic involvement, while characteristic, is not essential for diagnosis. When genotypic testing is unavailable, a positive string test can serve as a useful surrogate marker for identifying hypervirulent strains."
41081338,The Role of the Glass Ceiling Syndrome in Female Healthcare Workers and Its Association With Telogen Effluvium.,"Telogen effluvium (TE) type hair loss is the most common cause of diffuse and non-scarring alopecia in women and may develop on the basis of many etiological causes. Glass ceiling syndrome, which is a popular research topic especially in recent years, is one of the syndromes that define the invisible barriers that women face in their careers and can cause long-term stress during periods of exposure. Women working in the health sector are frequently exposed to the glass ceiling, and this situation has negative effects on skin health. The aim of the study is to investigate the relationship between glass ceiling syndrome-induced stress and telogen effluvium, which has not been examined before. In addition, another aim of the study is to determine the effect of socio-demographic variables such as age, gender, and education level on stress symptoms telogen effluvium. This study was conducted on 108 female participants working in University Hospitals. Questionnaires were used to determine how the participants experienced the glass ceiling syndrome, their professional and marital status, and their level of education. In addition, an examination including a pull test and trichoscopy for telogen effluvium disease was performed by specialized doctors. 56 (51.85%) of 108 female health workers were diagnosed with telogen effluvium. It was determined that 73 (67.59%) of them had glass ceiling experience. Of the 108 female health workers, 36 were doctors, 44 were nurses, and 28 were other health workers. Regarding their education levels, 36 of them have a master's degree, 18 have a bachelor's degree, 34 have an associate's degree, and 20 have a high school degree. As for marital status, 71 of them were married, 24 of them were single, and 13 of them were divorced. A significant statistical relationship was found between telogen effluvium and glass ceiling syndrome and education and occupational status. At the same time, a significant statistical relationship was found between glass ceiling experience and education and occupational status. Glass ceiling syndrome is statistically significantly associated with telogen effluvium in female health workers, and it is emphasized that this situation should not be neglected as a source of intense stress during treatment. In addition, professional and marital status and education levels are also seen to feed this intense stress source."
41068945,Efficacy of endovenous embolization for pelvic congestion syndrome and its impact on ovarian reserve.,"Pelvic congestion syndrome(PCS) is a complex condition, with ongoing controversies regarding its diagnosis, treatment, and long-term effects, especially concerning reproductive health. Endovenous embolization performed for PCS may alter pelvic hemodynamics and ovarian perfusion, which may change ovarian reserve and menstrual cycle characteristics. This study aimed to investigate the efficacy and impact of endovenous embolization on ovarian reserve and menstrual cycle parameters in patients with PCS. This retrospective, single-centre study analysed data from 81 patients diagnosed with PCS who underwent endovenous embolization. Symptom-specific Visual Analogue Scale(VAS) scores, serum anti-Müllerian hormone(AMH), follicle-stimulating hormone(FSH), luteinizing hormone(LH), estradiol(E2), prolactin levels, and menstrual cycle characteristics were evaluated before and 6 and 12 months after the procedure. The primary outcome of this study was improvement in symptoms. Secondary outcomes included changes in serum hormone levels and menstrual cycle characteristics. We categorized our study population into four age groups(< 30, 30-34, 35-39, and 40-44 years) to minimize the impact of age as a confounding variable. These groups were designated as G1, G2, G3, and G4, respectively. A statistically significant decrease was observed in VAS scores related to chronic pelvic pain(CPP), dyspareunia, and dysmenorrhea. A statistically significant decrease in serum AMH levels was observed 6 and 12 months after endovenous embolization. We observed a decline in AMH levels in G1, G2, G3, and G4(9.75±6.67%, 9.48±4.38%, 12.49±12.11%, and 13.79±11.46%, respectively). No significant changes were found in serum FSH, LH, E2, and prolactin levels. Additionally, a statistically significant decrease in menstrual cycle duration was detected after the procedure. Our study demonstrated that endovenous embolization appears to be an effective treatment modality for symptom relief. The effect of endovenous embolization on ovarian reserve was generally consistent with physiological changes associated with age, but changes in patients under the age of 30 should not be overlooked. Larger, prospective, multi-centre studies are warranted to validate these findings and explore the long-term effects of endovenous embolization regarding reproductive health. Not applicable."
41061454,Microablative and non-ablative laser and radiofrequency treatment of genitourinary syndrome of menopause: A randomised controlled trial with four different energies.,"This study compared the effects of four different types of energy treatments on women with genitourinary syndrome of menopause. Four-arm single-blind randomised clinical trial, with 48 postmenopausal women with genitourinary syndrome of menopause. Participants were randomised into four groups: Group 1 received sessions of non-ablative Er:YAG laser; Group 2 received sessions of microablative CO2 laser; Group 3 underwent sessions of non-ablative radiofrequency; and Group 4 received sessions of fractional microablative radiofrequency. The primary outcome was the assessment of symptoms of genitourinary syndrome of menopause correlated with vaginal histological analysis at baseline and 1 month after the end of treatment. Secondary outcomes included sexual function and urinary symptoms, treatment satisfaction and major adverse events. All treatment modalities demonstrated significant improvement in dryness (p < 0.001) and dyspareunia (p < 0.001) measured by visual analogue scales and in vaginal symptoms assessed with the International Consultation on Incontinence Questionnaire-Vaginal Symptoms (p < 0.001), with no significant differences between groups. All treatment energies resulted in significant increases in tissue thickness (p < 0.001), layer number (p < 0.001), and collagen quantity and depth (p < 0.001), with no significant difference among the groups. Both microablative and non-ablative energies, whether utilizing laser or radiofrequency, are effective treatments for the symptoms of genitourinary syndrome of menopause, with histological correlations observed and no notable differences in efficacy between modalities. Registered in REBEC (Registro Brasileiro de Ensaios Clínicos; Brazilian Registry of Clinical Trials). Trial registration number RBR-5vw3vpg. The protocol can be accessed at https://ensaiosclinicos.gov.br/rg/RBR-5vw3vpg."
41060401,Adjuvant-induced autoimmune syndrome (ASIA syndrome) and the role of sonography in its diagnosis: a case-based review.,"Adjuvant-induced autoimmune/ autoinflammatory syndrome (ASIA) is a group of symptoms that are often found in other systemic, autoimmune diseases, which makes its recognition and diagnosis a growing problem in modern clinical practice. Although not completely clear, the genesis is associated with adjuvants - substances found in implants, vaccines, substances external to the body that lead to an exaggerated immune response. Key points of the clinical and paraclinical specificity of the disease are arthralgias, myalgias, cognitive disorders, and positivity of various autoimmune and inflammatory markers. The objectives of this report are to summarize current information about the disease, discuss diagnostic criteria, and review therapeutic options, placing special interest on the ultrasound findings. The presented case outlines the diagnostic difficulty even with the various clinical, imaging, and laboratory findings. Directing clinical thought towards this syndrome is of utmost importance for its easier recognition in practice and achieving favorable outcomes in the treatment of affected patients."
41043814,Headache and Neurological Deficits with Cerebrospinal Fluid Lymphocytosis in a Helicopter Pilot.,"The syndrome of transient headache and neurological deficits with cerebrospinal fluid lymphocytosis (HaNDL syndrome) consists of migraine-like headache episodes with >4 h of hemiparesthesia, dysphasia, and/or hemiparesis plus cerebrospinal fluid lymphocytic pleocytosis. While the rarity of HaNDL syndrome often precludes reassurance of the nature of this syndrome, it has consistently been identified as a benign condition that lasts no longer than 3 mo. In the first week of a viral illness, a 29-yr-old male helicopter pilot experienced acute-onset ""stumbling"" when walking, ""nonsensical speech,"" migraine-like headache, scintillating scotomata, and paresthesias of the tongue and bilateral extremities that lasted for 4-6 h. Work-up included lumbar puncture, revealing lymphocytic pleocytosis. A week later, he experienced word-finding difficulty, right-sided numbness/paresthesia, and severe occipital headache lasting 3 h. A third episode with sensory symptoms involving the tongue and right arm and leg occurred for a few hours 25 d after the onset of the first episode. Symptoms resolved spontaneously. A month following initial discharge, he denied symptom recurrence. Repeat lumbar puncture 4 mo later showed resolution of his pleocytosis. He was considered neurologically recovered 3 mo after symptom onset. This patient's transient episodes were consistent with HaNDL syndrome. His symptom resolution involving three episodes within 25 d reflects the transient nature of this condition. It is critical to recognize HaNDL syndrome as a benign, monophasic disorder that resolves within a maximum of 3 mo so that future pilots with a recent history of HaNDL syndrome may safely and expeditiously return to work. Wetmore EL, Haddon R, Robertson CE, Cowl CT, Elkhatib WY, Garza I. Headache and neurological deficits with cerebrospinal fluid lymphocytosis in a helicopter pilot. Aerosp Med Hum Perform. 2025; 96(10):936-939."
41043140,Identification of Syndrome Types in Patients With Pancreatic Cancer From Free Text in Electronic Medical Records: Model Development and Validation.,"Syndrome differentiation is crucial in traditional Chinese medicine (TCM) diagnosis and treatment, but it heavily relies on expert experience, limiting systematic standardization. This study developed and validated a BERT (bidirectional encoder representations from transformers)-based model, the traditional Chinese medicine pancreatic cancer syndrome differentiation bidirectional encoder representations from transformers (TCMPCSD-BERT), using in-house pancreatic cancer medical records, to digitalize expert knowledge and support standardized syndrome differentiation in TCM. A retrospective dataset of pancreatic cancer cases (2011-2024) from Fudan University Shanghai Cancer Center was annotated into 4 TCM syndrome types by 2 experts (Cohen κ=0.913). The proposed TCMPCSD-BERT model was compared with conventional models (long short-term memory and text convolutional neural network) embedded in TCM diagnostic tools and with large language models (LLMs; ChatGPT-4o, Kimi, Ernie Bot 4.0 Turbo, and Zhipu Qingyan) under a prompt engineering framework. Performance evaluation on in-house data was supplemented with attention visualizations and integrated gradients analyses for interpretability. The McNemar test assessed classification accuracy differences, while bootstrap 95% CIs quantified statistical uncertainty and stability. The Welch t test (2-tailed) was used to evaluate mean differences between TCMPCSD-BERT and the comparator models. Among 6830 records, case counts were damp-heat syndrome (n=1694), spleen-deficiency syndrome (n=1185), damp-heat with spleen-deficiency syndrome (n=1178), and others (n=2773). On the test set, McNemar test showed significantly higher accuracy for TCMPCSD-BERT than the 3 baseline models and generally better performance than LLMs. In all comparisons, TCMPCSD-BERT achieved higher mean macroprecision, macrorecall, macro-F<sub>1</sub>-score, and accuracy, with nonoverlapping 95% bootstrap CIs and significant Welch t test results (P<.01). The model achieved a macroprecision of 0.935 (95% CI 0.918-0.951), macrorecall of 0.921 (95% CI 0.900-0.942), macro-F<sub>1</sub>-score of 0.927 (95% CI 0.908-0.945), and accuracy of 0.919 (95% CI 0.899-0.939). Attention visualizations suggested the model could capture less common TCM term associations, while integrated gradients highlighted high-attribution diagnostic features (eg, ""gray-white stool"" 0.933 in damp-heat syndrome; ""indigestion"" 1.204 in spleen-deficiency syndrome). Misclassification analyses indicated challenges in handling overlapping or atypical symptom presentations. Compared with LLMs, web-based platforms, and diagnostic instruments, TCMPCSD-BERT appeared to provide relatively higher accuracy, interpretability, and efficiency in processing long unstructured texts for syndrome differentiation. The TCMPCSD-BERT model shows potential for automated syndrome differentiation from unstructured clinical texts and broader application in TCM. Based on this study, it appears to improve operability over 4-diagnostic instruments and web-based platforms, and offers greater stability and accuracy than LLMs in specific tasks. However, these findings should be interpreted cautiously, given the subjectivity of syndrome definitions, data imbalance, and reliance on preprocessed, expert-annotated data. Further studies involving larger and more diverse populations are needed to validate its generalizability and support its broader application in real-world settings."
41042383,"Utility of invasive intracranial pressure monitoring in children with craniosynostosis: relationship to clinical assessment, syndrome and surgical treatment.","This is a retrospective study investigating intracranial pressure monitoring (ICPM) as a tool for managing children with craniosynostosis. We report on our experience of chronic (≥24 hour) ICP measurement in patients with CS and related conditions, with the aim of statistically assessing the relationship between ICP and derived variables to clinically relevant patient characteristics, such as clinical/ophthalmological symptoms/signs, diagnosis, syndrome and surgical management. It is a single-centre study following 32 patients who underwent ICP monitoring over 24-72 h. We collected a consecutive series of children (aged < 18 years) who underwent invasive ICPM between 1st Jan 2019 and 31st December 2021 from our institution's electronic surgical database. All patients had either craniosynostosis or foramen magnum pathology. We excluded children with non-CS diagnoses, except those with non-CS-related foramen magnum stenosis (FMS) who were used as comparative controls. Statistical analysis included the Kruskal-Wallis test to compare median ICP results between craniosynostosis and foramen magnum pathology, surgery vs non-surgical management, and differences in syndromic subgroups. A Spearman correlation was used to determine the relation of ICPM results to presentation symptoms. Results showed that patients who underwent surgery had a higher ICPM than those that did not. They also showed that patients with CS had higher ICP when compared to foramen magnum pathologies. Results also showed differences in pulse altitude (PA) in different subtypes of CS, although not statistically significant, and a mild correlation of PA with certain presenting symptoms of CS deterioration. In conclusion, our study shows that ICP and PA are safe and useful tools that can differentiate between craniosynostosis and similar pathology, as well as correlate to symptomatology. Furthermore, the data in this study can help us understand what a 'well' ICP is, in patients with various CS conditions, which differs from a ""signature"" raised ICP in patients close to decompensation. ICP can therefore be a valuable tool in surgical decision making, in conjunction with clinical correlation."
41029523,Case series of aripiprazole monotherapy in bipolar disorder with delayed sleep-wake phase syndrome.,"Patients with bipolar disorder (BD) who also experience delayed sleep-wake phase (DSWP) disorder/syndrome may tend to be younger, have a higher risk of relapse, and exhibit more severe impairments in social functioning. However, few studies have explored this area, and there are currently no established treatment guidelines, prompting us to investigate this further through a case series. We report on a chart review of 15 patients diagnosed with bipolar disorder (BD) and delayed sleep-wake phase (DSWP) syndrome, who received Aripiprazole (APZ) monotherapy for 12 to 135 weeks. Efficacy was observed within the first two weeks, indicated by reductions in Clinical Global Impressions-Severity (CGI-S) scores and an advancement of the sleep-wake cycle. By the final visit, 93.3% (14/15) of participants had achieved clinical remission (defined as CGI-S < 3), with their social functioning returning to normal. The most common adverse events were extrapyramidal side effects and weight gain, but both were reversible. In summary, APZ monotherapy may be an effective and safe treatment option for BD patients with DSWP syndrome. Our chart review highlights the potential value of further systematic investigation through a clinical trial."
41026118,Executive Summary: The AUA/SUFU/AUGS Guideline on Genitourinary Syndrome of Menopause.,"Genitourinary syndrome of menopause (GSM) describes the symptoms and physical changes that result from declining estrogen and androgen concentrations in the genitourinary tract during the menopausal transition. This guideline provides information to clinicians regarding identification, diagnosis, counseling, and treatment for patients with GSM to optimize symptom control and quality of life while minimizing adverse events. The systematic review used in the creation of this guideline is based on research conducted by the Minnesota Evidence-based Practice Center (EPC) under contract to the Agency for Healthcare Research and Quality and funded by the Patient Centered Outcomes Research Institute. The EPC synthesized effectiveness and/or harms outcomes from 68 publications. An additional 66 articles evaluating 46 nonhormonal interventions were described in an evidence map. Clinicians diagnose GSM based on symptoms, with or without related physical findings, and after ruling out other etiologies or co-occurring pathologies. There is a large body of evidence examining the use of hormonal and nonhormonal treatment options to manage the symptoms of GSM; however, the local low-dose vaginal estrogen has the most robust evidence base. The strategies defined in this document were derived from evidence-based and consensus-based processes. Given that there is insufficient information to recommend one hormonal therapy over another, this guideline is not meant to support a stepwise progression through different hormonal approaches. The clinician should make treatment decisions in the context of shared decision-making, considering patient goals and preferences, using the evidence of efficacy and adverse events of each possible intervention as a guide."
41025760,[Strongyloides hyperinfection syndrome during high-malignant lymphoma treatment].,"Strongyloides hyperinfection syndrome, caused by the nematode Strongyloides stercoralis, is a life-threatening condition with a high mortality rate. This case report describes a 76-year-old woman who developed hyperinfection syndrome with gastrointestinal- and pulmonary symptoms shortly after her first round of chemotherapy for stage IV diffuse large B-cell lymphoma. Despite her advanced age and frailty, she survived both the severe parasite infection and the two-month hospital stay, in addition to managing the challenges posed by the advanced-stage lymphoma."
41020464,Subtle Manifestation of Lower Cavernous Sinus Syndrome as the Initial and Sole Presentation of Pterygopalatine Squamous Cell Carcinoma Invasion from the Skull Base: A Case Report.,"We present a case highlighting the critical role of early recognition of partial cavernous sinus syndrome (CSS), as diagnostic delay can lead to irreversible tumor progression. A 50-year-old woman presented with subtle binocular diplopia and facial tingling sensation for 1 month. Neurological examination revealed isolated right abducens nerve (VI) palsy and paresthesia at territories of right ophthalmic (V1) and maxillary (V2) nerves. Partial CSS was suspected. Brain magnetic resonance image (MRI) revealed a contrast-enhancing mass involving the pterygopalatine fossa, sphenoid, and maxillary sinuses extending into the cavernous sinus. Fiberscope biopsy confirmed nonkeratinizing squamous cell carcinoma (SCC). After consultation with otolaryngologist, concurrent chemoradiation as the initial treatment modality was suggested. We describe an uncommon etiology of CSS by pterygopalatine SCC invasion, presenting initially as subtle cranial nerve palsies. Involvement of lower anatomical structures in cavernous sinus and ""mandibular sparing"" can be a hint of invasive lesion from pterygopalatine fossa. This case emphasizes the importance of high clinical suspicion for partial CSS, as early recognition can have great impact on patient's prognosis."
41019765,Lance-Adams Syndrome: An Updated Review of a Rare Post-Hypoxic Complication.,"This review aims to provide a comprehensive understanding of Lance-Adams Syndrome (LAS), focusing on its pathophysiology, diagnosis, management, and patient outcomes. Utilizing the PICO framework, articles describing known cases of LAS and interventions were included, with no specific comparisons. The search was conducted in Google Scholar, PubMed, and Scopus databases. LAS is characterized by action myoclonus and related symptoms. Imbalances in neurotransmitters and involvement of brain areas like the cerebellum, thalamus, and basal ganglia play a role in its pathophysiology. Diagnosis primarily relies on symptom history post-anoxic events, and treatments vary in effectiveness. LAS generally carries a more favorable functional prognosis than early post-anoxic status myoclonus, but often remains chronic and disabling. LAS is a complex and rare neurological condition requiring early diagnosis and specific interventions. The compiled information provides a comprehensive overview, assisting clinicians in understanding and managing LAS. This review emphasizes the need for ongoing research and individualized patient care strategies, seeking to enhance overall patient quality of life."
41014051,"Impact of Vaginal Carbon Dioxide Laser Therapy Alone Versus Its Combination With Oral Bioactive Collagen Peptides, Ultra-Low Molecular Weight Hyaluronic Acid, and Other Functional Components on the Genitourinary Syndrome of Menopause: A Cohort Pilot Study in Italy.","Genitourinary syndrome of menopause (GSM) includes clinical manifestations attributed to estrogen deficiency affecting the genitourinary tract of postmenopausal women. Treatment may require a multifaceted approach, including patient education, lifestyle modifications, physical, as well as hormonal and non-hormonal therapies. To evaluate the efficacy and tolerability of vaginal CO<sub>2</sub> laser therapy (MonaLisa Touch) combined with an oral food supplement containing bioactive collagen peptides (BCP) and other functional components for GSM treatment. We hypothesized that this combination would enhance GSM symptom relief. Twenty postmenopausal women with GSM were divided into two groups. Group 1 (n = 10) underwent three sessions of vaginal CO<sub>2</sub> laser treatment alone, while Group 2 (n = 10) received the same laser treatment in addition to oral food supplementation. Improvements in vaginal health (Vaginal Health Index-VHI), vaginal pain (Visual Analogue Scale-VAS), and sexual function (Female Sexual Function Index-FSFI), along with patient satisfaction and tolerability, were evaluated. Both groups showed improvements in VHI, pain scores, and FSFI, with Group 2 displaying more significant gains. Compared to Group 1, Group 2 had greater median differences in VHI (Δ = 11.00 vs. Δ = 8.50, p = 0.005) and VAS (Δ = -7.00 vs. Δ = -5.50, p = 0.017). Similarly, FSFI scores increased meaningfully in both groups, more so in Group 2 (from 53.50 to 67.50, p = 0.005 vs. from 51.50 to 60.50, p = 0.014 in Group 1). Treatment satisfaction was also higher in Group 2 (p = 0.047). The addition of oral supplementation with BCP and other functional components to vaginal CO<sub>2</sub> laser treatment for GSM offered significant benefits over laser treatment alone, improving vaginal health, reducing pain, and ameliorating sexual function. This combination therapy presents a promising non-hormonal option for GSM management, warranting further investigation in larger, long-term studies to confirm these preliminary findings."
41009528,"One Syndrome, Many Faces: A Unified Perspective on Heart Failure Phenotypes.","Heart failure (HF) remains a major clinical syndrome traditionally classified by left ventricular ejection fraction (EF) into three phenotypes: reduced (HFrEF), mildly reduced (HFmrEF), and preserved (HFpEF). Although EF-based phenotyping has served as a practical framework for diagnosis and treatment stratification, growing evidence challenges its pathophysiological specificity. Clinical trials often blur these categories by including patients with EF > 40% under the HFpEF umbrella, despite current guidelines reserving that range for HFmrEF. This inconsistency introduces ambiguity and undermines the concept of discrete disease entities. In this comprehensive review, we explore the hypothesis that HF is not a group of separate syndromes but rather a single entity manifesting along a spectrum determined by the balance between pathological insult and the patient's homeostatic adaptive capacity. Emerging data reveal that all HF phenotypes, regardless of EF, share common molecular, cellular, and systemic mechanisms, including neurohormonal activation, inflammation, mitochondrial dysfunction, fibrosis, and programmed cell death. We propose a paradigm shift: from viewing HF through the lens of EF stratification to a unified, mechanistically driven model that recognizes HF as a syndrome with variable manifestations. Reframing HF in this way could enhance diagnostic precision, therapeutic targeting, and research design."
40992234,Managing geriatric syndromes in perioperative care - implications for anesthesia practice: A narrative review.,"As the aging population grows, anesthesiologists increasingly care for older surgical patients with geriatric syndromes. This paper reviews key geriatric syndromes, particularly frailty and postoperative delirium, and highlights their implications for anesthesia practice with evidence-based management strategies. Frailty, a predictor of poor surgical outcomes, is often underrecognized preoperatively. Screening tools such as the Fried Frailty Phenotype and Hospital Frailty Risk Score can help identify at-risk patients. Prehabilitation, including exercise, nutritional optimization, and multimodal pain management, may improve surgical recovery. For postoperative delirium, prevention is the most important intervention. Medication reconciliation and multimodal nonpharmacologic approaches, such as restoring sensory aids, optimizing sleep hygiene, and early reorientation, should be prioritized. Other strategies include multimodal analgesia with the minimization of opiates and avoiding deliriogenic medications. Delirium screening using the Confusion Assessment Method or Nurses' Delirium Screening Checklist enables early detection and intervention. Pharmacologic treatment of delirium should be limited to severe agitation, with haloperidol or dexmedetomidine used cautiously. By recognizing frailty and postoperative delirium as geriatric syndromes with potentially modifiable risk factors, anesthesiologists can implement targeted perioperative strategies to improve functional recovery and surgical outcomes in older adults."
40989124,Diabetic Striate Syndrome: an uncommon complication of diabetes requiring further conceptual expansion.,"Diabetic Striate Syndrome (DSS) is a rare complication of diabetes, clinically characterized by chorea-like involuntary movements and contralateral basal ganglia abnormalities on brain CT and MRI. The identification of atypical DSS cases has broadened our understanding of this complex metabolic disorder. To investigate the clinical manifestations, imaging features, and potential pathogenesis of DSS to enhance clinical awareness and understanding of the condition. We retrospectively analyzed clinical data from eight patients diagnosed with DSS who were hospitalized in the Department of Neurology at Beijing Chaoyang Hospital, affiliated with Capital Medical University, between January 2017 and July 2024. Their clinical presentations and imaging findings were reviewed, and both typical and atypical features, as well as potential pathogenic mechanisms, were discussed in the context of relevant literature. Among the eight patients, five were female. All patients had a history of hypertension, and seven had a prior diagnosis of diabetes. Three patients experienced acute or subacute cerebral infarction. Seven patients presented with hemichorea, while one patient exhibited bilateral chorea. Random blood glucose levels at onset ranged from 7.9 to 27.7 mmol/L, and glycated hemoglobin (HbA1c) levels ranged from 8.7% to 15.5%. One patient tested positive for urinary ketones, and one developed symptoms following a rapid drop in blood glucose. Head CT scans revealed high-density lesions in the basal ganglia in four patients. MRI showed T1-weighted hyperintensity in the basal ganglia in seven patients, including one case with bilateral involvement. Hospital stays ranged from 6 to 14 days. All patients showed clinical improvement, with one achieving complete resolution of symptoms. In three cases, symptom improvement was achieved through blood glucose control alone. DSS represents a syndrome with an expanding clinical and imaging spectrum as research progresses. In this study, we propose a refined definition of the disorder and reaffirm the hypothesis that both basal ganglia ischemia and hyperglycemia synergistically contribute to the development and progression of DSS."
40986924,Hyperbaric oxygen therapy for late onset dropped head syndrome following mantle field radiation therapy for Hodgkin lymphoma: a case report and literature review.,"The authors present the first documented case of the apparent effective use of hyperbaric oxygen therapy (HBOT) for the treatment of radiation-induced dropped head syndrome (DHS). DHS is a condition associated with progressive and often severe weakness of cervical paraspinal muscles, especially the neck extensors. This results in loss of horizontal gaze and in advanced cases causes a chin-on-chest deformity. Radiation-induced DHS is a rare, primarily late-term complication first described in patients treated with mantle field radiotherapy for Hodgkin lymphoma, though there is an increasing body of literature demonstrating a wide range of presentations. A 59-year-old man with a history of stage 2A Hodgkin lymphoma 34 years prior had been treated with extended field radiotherapy, including mantle radiotherapy, totalling 40 Gy in 19 fractions. He presented with three years of progressive neck extension weakness with associated stiffness and intermittent dysphagia. The patient underwent 60 sessions of HBOT, in conjunction with physiotherapy and thiamine replacement and demonstrated improvement of his postural maintenance and dysphagia. His improved function was maintained at three years follow-up. We discuss the literature on the management of this rare condition, including the rationale for using HBOT which is well documented for the treatment of other late-term radiotherapy side effects. This case adds to the increasing literature on the management of DHS and describes a novel approach to the management of this often-debilitating condition."
40976328,An integrated drug delivery device for the localized treatment of the genitourinary syndrome of menopause.,"The Genitourinary Syndrome of Menopause (GSM) affects millions of women worldwide, with current treatment regimens associated with frequent dosing, inconsistent release profiles, and systemic adverse effects, leading to a decreased patient acceptability. Patient acceptability is pivotal in ensuring adherence and therapeutic outcomes and is defined by the European Medicines Agency as ""an overall ability of the patient and caregiver to use a medicinal product as intended"" with the International Conference on Harmonization Pharmaceutical Development Guideline (Q8 (R2)) further stating ""in all cases, the product should be designed to meet patients' needs and the intended product performance"". Accordingly, this study focuses on the development of a multi-unit, polymer-based, intravaginal-intrauterine platform (MUPP) for targeted and controlled hormone delivery with the aim of GSM treatment. The platform comprises of a doughnut-shaped intravaginal device (DVDS) releasing estradiol hemihydrate (E2) and an intrauterine cylindrical unit (NLPM) delivering norethindrone acetate (NETA). An experimental design was implemented to optimize the DVDS formulation. The optimized device was characterized in vitro, assembled with NLPM, and evaluated for their drug release, ex vivo permeation, and cytocompatibility, using NIH/3T3 cells and a 3D-engineered uterine-vaginal cellular model (EUVM). Results showed that the optimal DVDS and NLPM displayed cumulative releases of 5.84 ± 0.24 % (E2) 38.00 ± 1.60 % (NETA) after 4 weeks, with maximum drug flux values (peak permeation rates) of 0.18 ± 0.05 mg⋅cm<sup>-2</sup>⋅h<sup>-1</sup> and 0.01 ± 0.03 mg⋅cm<sup>-2</sup>⋅h<sup>-1</sup>, respectively. Moreover, cytocompatibility analyses showed an average cell viability exceeding the ISO 10993-5 minimum threshold of 70 % after 3 days, rising to above 80 % by Day 7 in both 2D and 3D models, thereby confirming the non-cytotoxic nature of the platform. In conclusion, the MUPP presents a promising and patient-friendly approach to addressing the current challenges of GSM therapy."
40968336,Syndrome of undifferentiated recurrent fever (SURF): a multicenter real-world experience from Türkiye.,"Syndrome of undifferentiated recurrent fever (SURF) is an autoinflammatory disorder that is recognised in an increasing number of patients. In this study, we aimed to assess the data of SURF patients from the main reference centres in our country. Data for this retrospective multicentre observational cohort study were obtained from the records of SURF patients aged 0-18 years who were followed up in 10 pediatric rheumatology clinics in Türkiye between 2010 and June 2023. Patients with recurrent fever that could not be explained by periodic fever, aphthous stomatitis, pharyngitis and adenopathy (PFAPA) and hereditary recurrent fevers and had no other cause were included in the study. Of the 134 patients included in the study, 74 (55.2%) were male. The median age at diagnosis was 67 months. The most common symptom was abdominal pain in 98 (73.1%), arthralgia in 82 (61.2%), malaise in 77 (57.5%). The age at symptom onset was ≤ 5 years in 109 patients (81.3%). Pharyngitis was more common symptom in children aged ≤ 5 years (p = 0.008), headache, arthralgia, chest pain were more common findings in children > 5 years (p = 0.008, p = 0.032, p = 0.045). There were 113 patients receiving colchicine alone or in combination therapy and 74.3% of them achieved complete or partial remission. The presence of abdominal pain (p = 0.021, OR = 0.254) increased the remission rate with colchicine. SURF patients present with a wide range of clinical manifestations. Distinguishing between SURF and PFAPA is not concrete. Further omics studies will enlighten whether there is a true group of SURF. Key Points • SURF is an autoinflammatory disease that is becoming increasingly recognised. • The clinical manifestations of SURF are quite heterogeneous. • Colchicine and anti-IL-1 treatment is effective in most SURF patients. • It is controversial whether it should be called SURF or PFAPA-like syndrome, especially in children aged ≤ 5 years."
40966714,Platelet-Rich Plasma for Genitourinary Syndrome of Menopause in Breast Cancer Survivors.,"To assess the safety and feasibility of injection of autologous platelet-rich plasma (PRP) into the vagina and posterior fourchette and to evaluate 6-month efficacy for treatment of genitourinary syndrome of menopause (GSM) in breast cancer survivors. We conducted a prospective, single-arm pilot study of breast cancer survivors (stage 0-III) who reported vaginal dryness with or without dyspareunia. Participants underwent a one-time treatment with 7 mL autologous PRP injected throughout the vaginal canal and posterior fourchette into 35 sites. The primary outcome was to assess safety and feasibility. Secondary outcomes included VMI (Vaginal Maturation Index), VHI (Vaginal Health Index), VAS/VuAS (Vaginal and Vulvar Assessment Scales), DIVA (Day-to-Day Impact of Vaginal Aging questionnaire), FSFI (Female Sexual Function Index), and UDI-6 (Urogenital Distress Inventory-Short Form) scores. Vaginal caliber was measured with silicone dilators. Patient Global Impression of Improvement (PGI-I) was assessed with a 7-point Likert scale. Twenty participants were treated; mean±SD age and body mass index (BMI) were 53.6±7.5 years and 27.2±4.6, respectively. Most had hormone receptor-positive breast cancer (85.0%), and of those, 65.0% were taking an aromatase inhibitor. All participants completed the planned protocol. Treatment adverse events included vaginal spotting, irritation, discharge, burning, cramping, and mild pain, all resolving within 24 hours. No serious adverse events occurred. VAS/VuAS, FSFI, UDI-6, DIVA, VHI, and total scores showed significant improvement from baseline to 6 months; the VMI change was nonsignificant. At 6 months, 90.0% of patients had an increase in vaginal caliber as measured by change in dilator size, and 95.0% noted improvement of symptoms on PGI-I. A single treatment of autologous PRP injected diffusely through the vaginal canal and posterior fourchette is safe and feasible. In this uncontrolled pilot trial, at 6 months, treatment significantly improved GSM symptoms, sexual function, urinary symptoms, and quality of life in breast cancer survivors, including those on aromatase inhibitors. ClnicalTrials.gov , NCT04535323; Cancer.gov , NCT04535323."
40965394,Cannabinoid Hyperemesis Syndrome in Adolescents: The Role of Aprepitant as a New Treatment Option for Rapid Symptom Relief.,"Cannabinoid hyperemesis syndrome (CHS) is a growing clinical concern among adolescents, which is marked by recurrent episodes of nausea, vomiting, and abdominal pain related to chronic cannabis use. Treatment remains challenging, particularly when symptoms persist despite conventional antiemetics such as ondansetron, metoclopramide, haloperidol, and capsaicin. This case report describes two adolescents who presented with symptoms consistent with the Rome IV criteria for CHS and a documented history of chronic cannabis use. Both patients failed to respond to initial therapies administered over 36-45 hours. Aprepitant, a neurokinin-1 receptor antagonist, was subsequently given, and both patients experienced rapid and sustained improvement in symptoms. Vomiting resolved within 1 hour, oral fluid intake was tolerated within 1-2 hours, and solid food was tolerated within 4-8 hours. Both were discharged the following day without the need for additional antiemetics. These cases highlight the potential clinical benefit of aprepitant in pediatric CHS when standard treatments fail. While cannabis cessation remains the cornerstone of long-term management, the timing of symptom resolution supports further investigation into the earlier use of aprepitant in the treatment course to improve outcomes and reduce hospitalization in adolescent CHS, especially given its more favorable adverse effect profile."
40964125,[Depression Syndrome Typing and Medication Pattern Analysis Through Unsupervised Clustering Combined With Latent Structure Dual Analysis].,"Depression, a most common psychiatric disease, is defined in Traditional Chinese Medicine (TCM) as <i>Yu</i> Syndrome, i.e., depression disorder, or <i>Baihe</i> Disease, i.e., lily bulb disease, a category of emotional disorders treated with lily-based TCM preparations. In TCM, depression is managed through syndrome differentiation and treatment, which is characterized by high efficacy and safety. However, there is no unified standard for the classification of depression syndromes, which leads to a disconnection between the analysis of patients' medication patterns and their actual syndromes and hinders the study of medication patterns specific to particular syndromes. Therefore, this study is focused on investigating the medication patterns of different sub-types of depression patients based on an objective classification system of depression. We searched for and retrieved clinical literature on TCM formulas for depression from relevant databases, including China National Knowledge Infrastructure (CNKI), Wanfang Data, VIP Database, Sinomed, Web of Science, and PubMed. Information on patient symptoms and medication was standardized. Then, the symptoms and the medication frequency of depression patients were statistically analyzed. We used the K-means clustering method combined with implicit structural analysis to objectively categorize depression patients into sub-types. In addition, the main symptoms and core TCM formulas of each sub-type of depression patients were identified. On the basis of objective classification system, we also statistically analyzed the characteristics of herbs used on depression patients, including the 4 basic properties, the 5 flavors, the attributes, the therapeutic efficacy, and the co-occurrence patterns, which may help reveal the medication patterns. A total of 3537 publications and 4434 prescriptions were included in the analysis. By using the K-means algorithm and latent structure analysis methods, patients with depression were categorized into 9 sub-types, with Cluster 6 accounting for the largest proportion. The most common symptoms among depression patients were insomnia and a depressed mood. Medication frequency analysis showed that <i>Radix Bupleuri</i> (Chai Hu), <i>Radix Paeoniae Alba</i> (Bai Shao), <i>Poria</i> (Fu Ling), <i>Rhizoma Chuanxiong</i> (Chuan Xiong), and <i>Radix Curcumae</i> (Yu Jin) were the most commonly used TCM herbs. For the depression sub-types of Clusters 1, 2, and 6, blood-activating and stasis-dissolving herbs were used most often. The depression sub-types of Clusters 3, 4, 5, 8, and 9 were mainly treated with qi-regulating herbs, while the depression sub-type of Cluster 7 was treated with qi-supplementing herbs. Depression patients were mostly treated with herbs that were cold or warm in nature and had sweet, bitter, and pungent flavors. Moreover, treatments for Cluster 1 and Cluster 6 mainly targeted the spleen meridian, while those for Cluster 2, Cluster 3, Cluster 4 and Cluster 5 mainly targeted the heart meridian. The treatments for the other sub-types mainly targeted the liver meridian. The core TCM formulas for the 9 depression sub-types included Zishui Qinggan Decoction, Danzhi Xiaoyao Powder, Huanglian Wendan Tang, Chaihu Guizhi Tang, Modified Xiaoyao Powder, Qinggan Jieyu Tang, Xiaoyao Powder, Xuefu Zhuyu Decoction, and Bazhen Decoction. The most commonly used Chinese herbal medicinal formulas were Gan Cao-Chai Hu, Bai Shao-Chai Hu, and Chen Pi-Chai Hu. Based on machine learning, this study reveals the scientific aspects of TCM typing and syndrome-based treatment. It clarifies the rationale for targeting different symptoms in depression treatment and provides theoretical support for clinicians to make medication prescriptions. It also presents a new perspective for investigating TCM medication patterns."
40963452,LUMBAR Syndrome State-Of-The-Art Review: Insights Into a Rare and Complex Condition.,"LUMBAR syndrome is a rare condition with natural history and long-term outcomes that have not been well described. This acronym represents the constellation of features associated with the condition: Lower body hemangiomas with Urogenital anomalies and Ulceration, spinal cord Malformations, Bony defects of the spine and lower extremities, and Anorectal, Arterial, and/or Renal anomalies. The associated infantile hemangioma is the most notable feature, which occurs in a segmental pattern affecting the lower half of the body. Recent publications have described the clinical features of LUMBAR syndrome, its overlap with other lower body syndromes, and, notably, a landmark paper establishing diagnostic criteria through Delphi consensus. This paper aims to provide a comprehensive review of the clinical features, diagnostic criteria, pathophysiology, treatment options, and outcomes associated with LUMBAR syndrome."
40962507,Description of TEMPI syndrome in Waldenström's macroglobulinemia.,"TEMPI syndrome (telangiectasia, erythrocytosis with increased erythropoietin, monoclonal gammopathy, perinephritic fluid collections, and intrapulmonary shunts) was described by David Sykes in 2011. By the end of March 2025, we have found descriptions of 35 cases of TEMPI syndrome in the literature. Non-IgM monoclonal gammopathy of clinical significance was diagnosed in 23 patients, multiple myeloma in 10 patients and Waldenström's macroglobulinemia in only 2 cases. Sykes estimated the median interval from the first symptoms to the diagnosis at 10 years. For many years, these patients were treated for a misdiagnosis of secondary erythrocytosis or primary polycythemia. In 2015, an increase in hemoglobin and hematocrit concentrations was found in the patient. The diagnosis was concluded as secondary erythrocytosis in obstructive bronchopulmonary disease. Telangiectasias, which appeared soon after the detection of erythrocytosis, were misinterpreted as a manifestation of hepatopathy. The patient was treated with therapeutic phlebotomy. In 2024, symptoms of pleural effusion, ascites, swelling of the perineum and genitals appeared. This was the reason for admission to the hospital. CT scan in 2024 revealed pleural effusions, large perinephritic fluid collections and confirmed clinically evident swelling of the perineum and genitals (pelvic effusion). This gave rise to the suspicion of TEMPI syndrome. The results of morphological, flow-cytometric and molecular biological examination of the bone marrow and high concentrations of total immunoglobulin type IgM (40.6 g/L) and monoclonal immunoglobulin type IgM (23.6 g/L) with cryoglobulin properties corresponded to Waldenström's macroglobulinemia. Contrast echocardiography confirmed the existence of arteriovenous shunts, which could not be localized by other methods. Other abnormalities included very low levels of vitamin B12 and folic acid. Laboratory examination did not show significant endocrinopathy. After therapeutic plasmapheresis, treatment with rituximab, bendamustine and dexamethasone was started in December 2024. In each differential diagnosis of secondary erythrocytosis, it is necessary to examine monoclonal immunoglobulin to exclude its cause in TEMPI or POEMS syndrome. A large perinephritic fluid collection is diagnostic of only two diagnoses, TEMPI syndrome or renal lymphangiomatosis, while other renal diseases can cause a smaller volume of perirenal fluid collection."
40958327,Neurogenic pectoralis minor syndrome in the differential diagnosis of neck pain: A case series with diagnostic ultrasound-guided pectoralis minor muscle block.,"Neurogenic pectoralis minor syndrome (NPMiS) is an underdiagnosed cause of persistent neck, shoulder, and upper extremity pain. It can mimic cervical radiculopathy or other musculoskeletal disorders, often resulting in misdiagnosis and ineffective treatment. This case series presents 5 patients with NPMiS who achieved symptomatic relief through diagnostic ultrasound-guided pectoralis minor muscle (PMiM) block followed by targeted rehabilitation. All patients presented with persistent neck pain often radiating to the scapula or anterior chest wall, along with paresthesia and impaired sleep quality. Prior treatments, including non-steroidal anti-inflammatory drugs, muscle relaxants, and physical therapy, were ineffective. One patient was referred for spine surgery before alternative evaluation. The diagnosis of NPMiS was based on detailed clinical history, positive physical exam findings (e.g., Roos test, focal PMiM tenderness), and exclusion of cervical radiculopathy and peripheral neuropathies via imaging and electrophysiological studies. Confirmatory diagnosis was established with significant symptom relief following ultrasound-guided PMiM block. Patients received diagnostic ultrasound-guided injection of 1% lidocaine into the PMiM. This was followed by an individualized rehabilitation program including posture correction, ergonomic adjustments, and physical therapy focused on pectoral muscle stretching and shoulder stabilization. Patients experienced rapid pain reduction, improved function, reduced medication use, and better sleep. Sustained symptom relief was achieved through adherence to rehabilitation. NPMiS should be considered in the differential diagnosis of chronic, non-dermatomal neck and upper extremity pain, particularly when standard treatments fail. Ultrasound-guided PMiM block is a valuable tool both for confirming diagnosis and initiating effective, personalized therapy strategies."
40954461,Prevalence and contributing factors of computer vision syndrome among university students in Iran: a cross-sectional study.,"Computer vision syndrome (CVS) is a common condition in the digital era, causing fatigue in users exceeding four hours of screen time daily. It manifests as blurred vision, itching, dryness, and eye fatigue. This study examined the prevalence and risk factors for CVS among university students. A cross-sectional survey was conducted among 230 students using simple sampling. A structured questionnaire included: (1) demographic data, (2) digital device use and ergonomic habits, and (3) CVS symptom frequency and severity based on the validated CVS-Q© scale. A total of 76.1% of the participants were found to have CVS, with a higher prevalence among female students (80.2%) compared to male students (70.7%). 87.4% of the subjects (n = 201) experienced one or more symptoms of CVS. Most of them experience headaches (60.4%, n = 139), eye irritation (55.7%, n = 128), tearing (50.9%, n = 116), and discomfort in the eyes (49.6%, n = 114). Female students scored a higher mean of CVS than male students (p = .004). Risk factors were a lack of adequate rest between screen watching periods (p ≤ .001) and failure to observe the 20-20-20 rule (p = .015). The study indicates that the prevalence of CVS is extremely high among the students, and, therefore, there is a need for ergonomic interventions to be implemented widely and used for prevention or alleviation of symptoms of CVS."
40954067,[Case of red ear syndrome].,"This paper reports a case of red ear syndrome, a rare clinical condition, treated with acupuncture. At the initial consultation, the diagnosis was unclear from a western medical perspective. The advantage of traditional Chinese medicine in ""prioritizing symptoms and syndrome differentiation"" was fully utilized. Based on the patient's clinical manifestations, disease progression, tongue and pulse conditions, the treatment addressed the branch by targeting meridian <i>qi</i> stagnation based on the hand-<i>taiyang</i> sinew meridian theory, and treated the root by selecting acupoints according to syndrome differentiation for liver and kidney <i>yin</i> deficiency. A combined treatment of tendon needling and acupuncture produced immediate results after the first session. Subsequent sessions were administered every other day for a total of ten treatments. The patient's ear pain and redness symptoms had nearly disappeared, and a two-month follow-up showed good overall condition."
40937806,[Pain syndrome in urology: features of classification and pathogenetic aspects].,"Key aspects of pain syndrome in urology, including its classification, pathogenesis, and current treatment approaches, are discussed in the article. Special attention is given to the phenomenon of chronic pelvic pain, defined as persistent pain lasting at least three months, accompanied by dysfunction of the genitourinary system and emotional disorders. The main pathogenetic mechanisms underlying pain syndrome determine its complex multisystem nature, which requires a comprehensive approach to both diagnosis and treatment. Various etiologies of urologic chronic pain syndrome are described. Particular emphasis is given on urological causes such as bacterial cystitis and interstitial cystitis/bladder pain syndrome (IC/BPS). Clinical phenotypes of IC/BPS are discussed, along with individualized treatment approaches for each phenotype. The impact of pain syndrome in bacterial cystitis on quality of life and the role of phenazopyridine in pain relief are also highlighted. The importance of an interdisciplinary approach and the combination of different therapeutic methods to achieve good outcomes in the management of pain syndrome is emphasized."
40923901,Bertolotti Syndrome in the Pediatric Population: A Literature Review and Management Algorithm.,"The purpose of this study was to develop a comprehensive step-wise management algorithm for Bertolotti syndrome in the pediatric population by conducting a systematic review of the current literature regarding the diagnostic evaluation, nonsurgical and surgical treatment, and outcomes. A systematic review of the literature was conducted using PubMed to identify studies focused on the management of Bertolotti syndrome in the pediatric population. Data extraction of clinical presentation, management strategies, imaging, and outcomes was completed. Thirteen studies reported on 17 patients younger than 18 years with confirmed diagnosis of Bertolotti syndrome were identified. Lower back pain was the most common presenting symptom and was described in all 13 studies. Radicular pain was described in six of 13 studies. Diagnostic, intraoperative, and postoperative assessments included preoperative radiographs, CT, MRI, along with targeted injections. Treatment options ranged from nonsurgical to surgical measures. Conservative options included physical therapy, nonsteroidal anti-inflammatory medications, bracing treatment, and targeted injections. Surgical modalities included open surgical resection and posterior spinal fusion. All patients in the 13 studies demonstrated partial or complete resolution of their presenting symptoms. This study provides a proposed systemic algorithm for the management of Bertolotti syndrome in the pediatric population. Based on our review of the current literature, we recommend a stepwise approach to the management of Bertolotti syndrome starting from conservative options and progressing toward surgical treatment if symptoms persist."
40923216,Serpentine Sign: evidence of airway compensation in patients with empty nose syndrome.,"This study aimed to evaluate the presence of Serpentine Signs on computed tomography (CT) images and its impact on the clinical symptoms in patients with empty nose syndrome (ENS). A retrospective study analysed patients with ENS enrolled in previous studies. The clinical characteristics and results of ENS-specific questionnaire evaluations were reviewed. The ratio of the maximal to minimal thickness (M/m ratio) of the septal mucosa was also calculated to demonstrate the degree of swelling. Mucosal swelling was defined as a thickness greater than twice that of the surrounding mucosa. A Serpentine Sign was identified by the presence of two or more mucosal swellings on one side of the central nasal septum. Seventy-one (74.0%) of the 96 enrolled patients with ENS exhibited Serpentine Signs on CT images. Patients with the Serpentine Sign had significantly lower symptom scores on the ENS 6-item Questionnaire (ENS6Q) and 25-Item Sino-Nasal Outcome Test (SNOT-25). Regression analysis revealed that the ENS6Q, SNOT-25, sleep, psychological, and empty nose symptom domains were significantly associated with the Serpentine Sign. The M/m ratio of the nasal septal mucosa significantly decreased in 39 participants with available postoperative CT images 6 months after nasal reconstruction surgery, along with an improvement in ENS6Q and SNOT-25 scores. The Serpentine Sign was associated with fewer ENS symptoms in patients with ENS. The severity of septal mucosal swelling decreased after surgical reconstruction. These results imply a significant impact of airflow alteration due to over-reduction of the inferior turbinate on the nasal mucosa."
40921998,"Lu'e Biyan Formula for Treatment of Allergic Rhinitis Patients with Fei (Lung)-Qi Deficiency-Coldness Syndrome: A Randomized, Double Blind, and Placebo-Controlled Trial.","To observe the clinical effect and safety of Lu'e Biyan Formula (LBF) combined with loratadine in the treatment of moderate to severe allergic rhinitis (AR) patients with Fei (Lung)-qi deficiency-coldness (FQDC) syndrome. From September 2023 to December 2024, moderate to severe AR patients with FQDC syndrome were recruited from the Outpatient Department of Integrated Traditional Chinese and Western Medicine for Pulmonary Diseases Part 1, China-Japan Friendship Hospital. Participants were randomly assigned to a test group and a control group by using a random number table at a ratio of 1:1. Both groups received oral loratadine tablets (10 mg, once daily) for 2 weeks. In addition, the test group received oral LBF (30 mL, twice daily), and the control group received a placebo of LBF. Changes in the Total Nasal Symptom Score (TNSS), Total Non-nasal Symptom Score (TNNSS), Visual Analog Scale (VAS), Rhinoconjunctivitis Quality of Life Questionnaire (RQLQ), and Chinese medicine (CM) syndrome scores before and after treatment were compared between groups. Moreover, the total effective rates and disease recurrence rates were compared. Adverse events (AEs) during the study period were also recorded. Totally 109 participants were recruited, and the full analysis set included 105 cases, 54 in the test group and 51 in the control group. Compared with the pre-treatment values, the scores of sneezing, runny nose, nasal obstruction, nasal itching, TNSS, TNNSS, VAS, RQLQ, and CM syndrome were significantly reduced in both groups at 1 and 2 weeks post-treatment and 12 weeks post-drug withdrawal (P<0.01). After treatment, the aforementioned scores in the test group were all markedly lower than those in the control group (P<0.01). Moreover, the total effective rate in the test group was higher than that in the control group (98.15% vs. 70.59%, P<0.01). After 12 weeks of drug withdrawal, there was no significant difference in the recurrence rate between groups (13.21% vs. 22.22%, P>0.05). No obvious AEs were observed in either group following treatment. The combination of LBF with loratadine can effectively alleviate the symptoms of moderate to severe AR patients with FQDC syndrome, thereby improving their quality of life. This therapy demonstrated both precise effect and high safety. (Trial registration No. ITMCTR2025000589)."
40920566,Network Pharmacological Analysis of TCM Formulae Based on the Syndrome Ontology and Multidimensional Quantitative Association Computing Platform.,"Current network pharmacology methods for TCM formulae predict potential active ingredients and mechanisms of action for specific diseases by constructing a formula-ingredient-target-pathway-disease network. Syndrome differentiation and treatment, a core principle of TCM, embodies its holistic and dynamic approach, emphasizing individual variability and disease progression. By integrating syndrome characteristics into this network, researchers can develop multi-target drugs tailored to each disease stage, enabling precise and personalized treatment. The TCM Syndrome Ontology and Multidimensional Quantitative Association Computing Platform (SoFDA) allow the incorporation of TCM syndromes into network pharmacology analysis. In this study, we used Lingguizhugan Decoction (formula) as an example to demonstrate its application in treating obesity with Yang Deficiency Syndrome and Dampness-Phlegm Syndrome (syndromes). We first identified key active ingredients from the TCMSP database. We then constructed a network linking diseases, syndromes, target genes, and signaling pathways using SoFDA. Finally, we integrated these data to build a formula-ingredient-target-pathway-syndrome-disease network."
40908022,CLIPPERS syndrome following papillary thyroid carcinoma.,"Chronic lymphocytic inflammation with pontine perivascular enhancement responsive to steroids (CLIPPERS) is a brainstem syndrome marked by punctate 'pepper-and-salt' enhancement on MRI and corticosteroid responsiveness. Evidence suggests that CLIPPERS may represent a cancer-related immune reaction, occurring before tumour detection, in association with active malignancy or after treatment. We report the first case associated with papillary thyroid carcinoma (PTC). A middle-aged woman developed facial numbness and ataxia; MRI showed pontocerebellar enhancement, and work-up revealed PTC. Neurological signs resolved after total thyroidectomy. Sixteen months later, neurological symptoms recurred. Repeat MRI reproduced the CLIPPERS pattern. High-dose intravenous methylprednisolone followed by a short taper induced rapid and sustained clinical and radiological remission. Serial neck ultrasound and serum thyroglobulin measurements confirmed no evidence of PTC recurrence. This case illustrates that CLIPPERS can precede, remit after and recur independently of cancer activity, highlighting the importance of comprehensive malignancy screening and long-term oncological surveillance."
40905286,Pancatalytic Medicine: A Paradigm for Non-Toxic Disease Treatment.,"The traditional disease treatment strategies typically encounter low therapeutic efficacy and high side effects originating from toxic drugs or surgeries, necessitating nontoxic approaches. The emerging pancatalytic medicine, rooted in respecting body ecology, offers a nontoxic protocol via catalyst preparation (P), biological effect activation (A), and versatile disease nontoxic-treatment (N). By precisely delivering catalysts to disease sites, it enables in situ catalytic chemical reactions that specifically target pathological microenvironments, e.g., generating radicals to oxidize cancer cell components or modulating inflammatory mediators, without disrupting the body's ecological balance. This strategy mirrors ecological principles by preserving normal tissue homeostasis, as catalysts only activate therapeutic catalytic reactions at the target locus, minimizing off-target toxicity. Pancatalytic therapy (PCT) thus embodies a paradigm shift, integrating body ecology to achieve both therapeutic specificity and systemic safety, heralding a revolutionary direction for nontoxic disease therapeutics."
40904852,Mauriac Syndrome in Sudanese Children: An Old Syndrome Still Existing in Resource-Limited Countries.,"<b>Objective:</b> Mauriac syndrome (MS) is a rare condition linked to inadequate glycemic control in type 1 diabetes mellitus (T1DM) and has also rarely been reported in patients with neonatal diabetes. MS manifests as growth failure, delayed puberty, cushingoid features, and hepatomegaly. The condition can be associated with complications like dyslipidemia, retinopathy, and nephropathy. The main objective of this study was to describe the magnitude of the condition, clinical features, management, and outcome of Sudanese children and adolescents with MS due to inadequate control of diabetes in our center. <b>Study Design and Methods:</b> This is a cross-sectional hospital-based study. All medical records of patients with MS were reviewed. Data, including demographics, clinical features, investigations, management, and outcome, were obtained. Patients were re-educated and management intensified then followed up. <b>Results:</b> Thirty-seven MS patients were enrolled in this study, with a male predominance of 59.5%. Neonatal diabetes was diagnosed in 5.4% of the patients, while others had T1DM. The median age at diagnosis of MS was 12 years. The diagnosis was based solely on clinical findings, including a history of prolonged unsatisfactory glycemic control, short stature, and hepatomegaly. Regarding the outcome, eight children (21.6%) were lost to follow-up, one patient died (2.7%), seven (18.9%) had a static condition, and those who showed improvement were 21 (56.8%). Signs of improvement were a decrease in liver size with or without an increase in growth velocity. Nephropathy was the most common associated complication; it was seen in 33.3% of our cohort. Some got it at a very young age. <b>Conclusions:</b> Despite many efforts that have been made to achieve better glycemic control in children with T1DM, MS still exists in our setting. Though liver biopsy is the gold standard for diagnosis, being invasive, the diagnosis could be made conservatively, based on clinical features and response to treatment. The condition can be reversed with good metabolic control."
40901687,Efficacy of N-acetylcysteine <i>vs</i> dexamethasone in preventing postembolization syndrome post-transarterial chemoembolization in hepatocellular carcinoma: A randomized controlled trial.,"Hepatocellular carcinoma (HCC) is a major health concern in Thailand, with most patients diagnosed at the intermediate stage. Transarterial chemoembolization (TACE) is the standard treatment; however, postembolization syndrome (PES) remains a common complication. Although both dexamethasone (DEXA) and N-acetylcysteine (NAC) have shown efficacy in reducing PES, no study has directly compared their effects. To compare the incidence of PES between DEXA and NAC in intermediate-stage HCC patients undergoing conventional TACE (cTACE). A randomized, double-blind, controlled trial was conducted at two tertiary hospitals in Thailand from November 2024 to April 2025. Eligible HCC patients (aged 18-70 years) were randomized (1:1) to receive either NAC (150 mg/kg/hour loading dose, followed by 50 mg/kg over 4 hours, then 6.25 mg/kg/ hour for 48 hours post-cTACE) or DEXA (8 mg IV 1 hour before cTACE). cTACE was performed by blinded interventional radiologists. The primary outcome was PES occurrence within 48 hours, assessed using South West Oncology Group toxicity coding and the Common Terminology Criteria for Adverse Events. The secondary outcomes were post-cTACE liver decompensation and the dynamic changes in the albumin-bilirubin (ALBI) score. A total of 56 intermediate-stage HCC patients were included (DEXA, <i>n</i> = 28; NAC, <i>n</i> = 28). Most had preserved liver function, with 92.9% classified as Child-Pugh A. The maximum tumor size was 6.2 cm, and 85.7% had multiple lesions. Additionally, 39 patients (69.6%) met the beyond up-to-7 criteria. Overall, 27 patients (48.2%) developed PES. After adjusting for confounding factors, the NAC group had a significantly lower incidence of PES than the DEXA group (32.1% <i>vs</i> 64.3%; adjusted odds ratio = 0.17, 95% confidence interval: 0.03-0.87, <i>P</i> = 0.033). Only two patients (3.6%) developed post-cTACE liver decompensation. Furthermore, 51.8% patients experienced worsening ALBI scores within 48 hours post-procedure; however, the rate of ALBI score worsening did not significantly differ between the groups. Compared with DEXA, NAC significantly reduces the incidence of PES, regardless of its impact on liver function recovery. Therefore, NAC is a preferable option for reducing PES in Barcelona Clinic Liver Cancer-B stage HCC patients with preserved liver function."
40880161,Behind the blur: Understanding interface fluid syndrome in post-LASIK patients.,"Refractive surgeries such as LASIK have markedly improved the correction of refractive errors and are widely performed globally. Despite their benefits, the long-term sequelae of these procedures, particularly postoperative complications like interface fluid syndrome (IFS), are not fully understood due to the relatively recent adoption and continuous evolution of these techniques. Accurate diagnosis and management of such complications are crucial to prevent irreversible vision loss. This video is designed to enhance the understanding and clinical skills of ophthalmologists regarding IFS, highlighting its potential as a rare but sight-threatening condition following myopic LASIK surgery. It aims to raise awareness about the nuances of diagnosing and managing IFS effectively. The featured video narrates the case of a post-LASIK patient who presents with defective vision attributed to IFS. It elaborates on the diagnostic journey, including the challenges encountered with conventional intraocular pressure (IOP) measurement tools and the critical role of advanced imaging techniques. The video further discusses treatment adjustments, such as the discontinuation of steroids and the administration of antiglaucoma medications, which markedly improved the patient's condition. • Discusses the differential diagnosis between IFS and diffuse lamellar keratitis (DLK). • Emphasizes the limitations of traditional IOP measurement tools post-LASIK and the need for alternative methods. • Outlines key clinical indicators of IFS, including increased central corneal thickness and peripheral corneal edema. • Recommends specific diagnostic techniques and management strategies to prevent long-term visual impairment. https://youtu.be/jOfgE6n_5T8."
40864242,[RS3PE syndrome-A rare facultative paraneoplasm].,"The remitting seronegative symmetric synovitis with pitting edema (RS3PE) syndrome is a rare inflammatory rheumatic disease of older adults, which can also be paraneoplastic. The main symptom is a rapidly progressing symmetric edematous swelling of both hands, sometimes also both feet, accompanied by (teno-)synovitis. Autoimmune serologies (rheumatic factor, antibodies against cyclic citrullinated peptides, antinuclear antibodies) typically remain negative. When a diagnosis of RS3PE is made, age-appropriate screening investigations for malignancies should be carried out. In addition, a comprehensive history should be taken and physical examination should be performed focusing on signs of neoplasia, followed by further investigations if necessary. The RS3PE syndrome typically shows an excellent response to treatment with glucocorticoids. A drug-free remission is frequently achieved but sometimes treatment with disease-modifying antirheumatic drugs (DMARDs) is necessary."
40855476,Effectiveness of transanal irrigation in low anterior resection syndrome.,"Low anterior resection syndrome (LARS) is a frequent issue leading to bowel dysfunction after anterior resection surgery. NICE guidelines state that there is limited research around the management of LARS. Transanal irrigation (TAI) is a suggested treatment by guidelines; however, there is limited research surrounding the effectiveness of this treatment. The aim of this prospective study was to evaluate the effectiveness of TAI in reducing LARS score post anterior resection surgery. Patients who were referred to the pelvic floor nurse specialist team between 2019 and 2023 with bowel dysfunction post anterior resection surgery were evaluated. Bowel dysfunction was assessed using the LARS scoring system during the first assessment and on discharge. These patients were offered TAI and trained to perform TAI. Patients with missing LARS scores and those who were not using TAI were excluded from the study. Of the total 37 patients who were referred and using TAI, 16 were excluded. In total, 21 patients were included (12 male, 9 female). At baseline, 33% of patients were recorded to have minor LARS, and 66% with major LARS. At discharge, there was a significant improvement in LARS score (80% of patients reported no LARS, 10% minor LARS and 10% major LARS). Overall, the LARS score at discharge was significantly lower among patients who underwent irrigation (mean 34.57 vs. 12.48, p = 0.0000000038). Our study shows the importance of TAI in the management of bowel dysfunction post anterior resection for rectal cancer, with more than two-third of patients' symptom improvement."
40856372,Explore the Overall Benefit Index and its correlation with item difficulty among dysphagia-related syndromes in the ICF framework.,"Individuals with dysphagia typically experience multiple co-occurring symptoms, whose interrelationships can vary in strength. The significance and impact of each symptom within dysphagia also differ. However, the intricate web of connections among these symptoms remains poorly understood, making it challenging to assess the importance of individual symptoms from a relational perspective. The aim of this study was to: 1) construct a correlation map that identifies the risk associations within dysphagia-related syndromes; and 2) rank syndromes according to the Overall Benefit Index (OBI) of a specific functional intervention, which varies in their impact on the overall functional status. This study has a cross-sectional design. The setting of this study was a tertiary hospital in Hunan Province, China. Population considered in this study included patients with non-esophageal dysphagia. Adopting convenience sampling, we recruited 150 patients with dysphagia to assess their health-related quality of life through the dysphagia-specific International Classification of Functioning, Disability and Health (ICF) Scale. A network structure of 50 second-level or third-level ICF categories was investigated by the Ising model. The Bayesian model was applied to determine the probability of the existence of the connection among ICF functional categories. The resulting network consisted of 50 nodes and 64 connections. 48 functional categories demonstrated a significant OBI, with ""d9102 Ceremonies"" (OBI=1.00) achieving the highest OBI. ""d9204 Hobbies"" (OBI=0.862), and ""d9205 Socializing"" (OBI=0.847) were another top two categories with the 2<sup>nd</sup> and 3<sup>rd</sup> highest OBI. There was a significant correlation between network parameters, OBI, and item difficulty. Specifically, item difficulty showed a positive correlation with OBI (P<0.001, rPearson=0.712), indicating that more challenging items tend to correspond with higher OBIs. The Ising model is a powerful tool that can assist rehabilitation clinicians in better understanding the complex functional network and guide specific rehabilitation interventions for patients with dysphagia. Cooperating the item difficulties from the Item Response Theory (IRT) into the OBI from the Ising model could guide individualized clinical decisions based on item difficulties and importance."
40854717,Unmasking metastatic lung cancer through orbital apex syndrome.,"A female patient in her sixth decade of life presented with a 7-day history of progressive diminution of vision and restricted ocular motility associated with fever, headache and vomiting. On general examination, she was febrile (temperature 100.4°F) and had enlarged submandibular lymph nodes, along with multiple nodules on the scalp and upper back. At baseline, ocular examination revealed visual acuity of 20/30 in the right eye and hand movements close to the face in the left eye. A relative afferent pupillary defect was noted in the left eye. The Hirschberg test revealed left esotropia (15°<sup>°</sup>) with an abduction deficit, suggestive of left sixth cranial nerve paresis. Fundus examination was unremarkable. A provisional diagnosis of left orbital apex syndrome (OAS) was made. A comprehensive work-up in neurology and dermatology was performed. Contrast-enhanced MRI of the brain and orbit suggested an asymmetrically enhancing lesion of the cavernous sinus, soft tissue involvement of the left orbital apex and a nodule involving the white matter of the left parietal lobe. Hormone analysis suggested a decreased level of thyroid-stimulating hormone, follicular-stimulating hormone and luteinising hormone. Fine needle aspiration cytology of a submandibular lymph node and nodules of the scalp and upper back was suggestive of metastatic mucin-secreting adenocarcinoma. Tumour marker analysis revealed raised CEA and CA 125. Further, a positron emission tomography scan revealed active lesions in the lungs with multiorgan spread, supporting the diagnosis of primary lung carcinoma with disseminated metastases manifesting as OAS. In view of the poor prognosis, the patient refused further treatment and succumbed to her condition 1 month following her diagnosis.This case highlights the importance of recognising subtle ocular signs, as they can be indicative of underlying life-threatening conditions. Early detection and thorough investigation of such symptoms are crucial, as they can lead to the identification of serious systemic diseases, such as metastatic cancer, that may otherwise be overlooked."
40850828,[Expert consensus on the diagnosis and treatment of low anterior resection syndrome (2025 edition)].,"Low anterior resection syndrome (LARS) is a common bowel dysfunction syndrome following sphincter-preserving surgery for rectal cancer, characterized by stool storage dysfunction and evacuatory dysfunction. It has become a critical factor adversely affecting patients' quality of life and long-term clinical outcomes. Currently, the pathogenic mechanisms of LARS remain incompletely elucidated, and high-quality evidence to guide clinical practice is still lacking. However, emerging evidence suggests that strategic optimization across the clinical management pathway-including precision oncology planning, surgical technique selection, multidimensional symptom profiling, proactive prevention protocols, and comprehensive symptom management-may effectively reduce LARS severity and improve survivorship outcomes. Given the absence of consensus guidelines for LARS management among clinicians across China, the Chinese Society of Coloproctology (Chinese Medical Doctor Association) organized domestic experts in relevant fields. Through systematic review of global research findings, integration of international expertise and guidelines, and adaptation to domestic clinical realities, we developed the ""Chinese Expert Consensus on the Diagnosis and Treatment of Low Anterior Resection Syndrome (2025 Edition)"". This consensus elaborates on key aspects including the definition, clinical manifestations, risk factors, pathophysiological mechanisms, symptom assessment, treatment modalities, and prevention strategies for LARS, aiming to standardize the diagnosis and management of LARS in China."
40848987,Phenotypes and follow-up of chronic cow's milk food protein-induced enterocolitis syndrome: A 16-year prospective observational study.,"Chronic food protein-induced enterocolitis syndrome (cFPIES) is less well characterized than the acute form; the clinical features for defining the different clinical phenotypes have not been identified, and data on follow-up are lacking. To describe a population of infants with cow's milk cFPIES (CM-cFPIES), providing a definition of clinical phenotypes and their evolution between the onset and our observation and the natural history over time. A prospective observational study was conducted on all the patients with oral food challenge-diagnosed CM-cFPIES between January 2008 and January 2024. Descriptive analysis is reported. A total of 39 patients were included. Neonatal onset was observed in 48.7%. We characterized and identified the following 3 clinical phenotypes: Severe from the very beginning (16/39, 41%), including 11 newborns; 86% of exclusively breastfed patients were part of this group. Mild (17/39, 43.6%) or moderate (6/39, 15.4%) at the onset, remaining stable over time (n = 8) or with progressive worsening (n = 15) until a severe form. The most prevalent symptom was intermittent vomiting, followed by diarrhea. Bloody stools were almost exclusively reported in newborns. Leukocytosis, neutrophilia, and metabolic acidosis were the most frequently observed laboratory features; eosinophil levels were significantly higher in newborns. Imaging was not specific and was misleading in some cases. Atypical CM-cFPIES was observed in 30.7% of patients; multiple FPIES was developed by 28.2%. Overall, 92% outgrew CM-cFPIES. Clinical suspicion of CM-cFPIES is difficult due to different phenotypes. Neonatal CM-cFPIES presents clinical and laboratory features that are partly different from those of the infant form. Exclusive breastfeeding might not be a protective factor. CM-cFPIES resolves in most children."
40837109,The Dual Threat Combined Pulmonary Fibrosis and Emphysema (CPFE): Two Cases.,"Emphysema is common in fibrotic interstitial lung diseases, and its combination with pulmonary fibrosis is known as ""Combined Pulmonary Fibrosis and Emphysema (CPFE) syndrome"". The diagnosis of CPFE significantly impacts treatment strategies and prognosis. In this article, we report the clinical, imaging, and especially the pathological features of two CPFE patients. <b>Case 1</b>: A 51-year-old male patient with a history of smoking. CT scans revealed interstitial lung disease combined with pulmonary bullae. Pathology showed extensive deposition of mononuclear cells in the alveolar spaces, with some cells phagocytosing pigment. Mild fibrous tissue hyperplasia was present in the lung interstitium, along with chronic inflammation and lymphoid nodule formation. The histological findings were consistent with desquamative interstitial pneumonia (DIP), and the clinical, imaging, and pathological correlation confirmed a diagnosis of CPFE. <b>Case 2</b>: A 58-year-old male, a driver with a history of dust exposure and smoking, was admitted due to chest tightness and a cough for 2 years. Chest CT revealed interstitial changes, emphysema, and bullae in both lungs. Histopathology showed fibrous widening of alveolar septa, mild chronic inflammation, and dust cell deposition, along with emphysematous changes and bulla formation, consistent with CPFE. The purpose of this report is to increase pathologists' awareness of this complex disease and emphasize the importance of multidisciplinary cooperation in the diagnosis and treatment of CPFE. Furthermore, this article encourages further research into CPFE."
40831349,Update in new-onset refractory status epilepticus and febrile infection-related epilepsy syndrome.,"New-onset refractory status epileptics (NORSE) and a subset, febrile infection-related epilepsy syndrome (FIRES), are rare clinical presentations with rapid onset, cryptogenic etiology, unpredictable course, and long-standing neurologic sequalae. International consensus recommendations were published in 2022 to aid in diagnosis, treatment, and research of NORSE/FIRES. Subsequently, there have been advances in understanding both the pathophysiology and the efficacy of immunotherapies. There is growing evidence of immune dysregulation in NORSE/FIRES. Cytokine/chemokine profiles may serve as biomarkers to guide diagnosis and management. The treatment landscape for NORSE/FIRES is evolving, with increasing use of second-line immunotherapies such as anakinra and tocilizumab. Intrathecal dexamethasone is an emerging treatment. Additionally, studies are investigating more targeted immunotherapies based on immunologic profiles. Despite treatment, outcomes remain poor, with high morbidity and mortality. Neurologic sequalae includes intractable epilepsy, functional impairment, mood disorders, and behavioral disturbances. Many patients report poor quality of life. NORSE/FIRES is a severe neurologic entity. Research is underway to determine pathogenesis, develop biomarkers, and provide more targeted immunotherapies with hopes of improving patient outcomes."
40826198,Long-term outcomes of transanal irrigation in patients with low anterior resection syndrome: what happens after more than five years?,"Low anterior resection syndrome (LARS) significantly impacts quality of life after rectal cancer surgery. Transanal irrigation (TAI) is a potential treatment, but long-term outcome data are limited. This study aims to evaluate the efficacy and safety of TAI in LARS patients after more than 5 years of follow-up. From April 2015 to December 2019, consecutive patients with LARS following low anterior resection for rectal cancer, trained in TAI at Careggi University Hospital, were prospectively collected. Patients with LARS scores > 30 or those failing conservative management were included. TAI was performed using the Peristeen® device, with a standard protocol of 400-600 ml irrigation 3-4 times/week. Primary outcomes were maintenance of TAI benefits and patient satisfaction (VAS). After an appropriate training and evaluation period, 35 patients were referred to TAI. While interruptions in the first year were mainly related to technical problems, ineffectiveness, or the onset of other clinical problems, afterward, patients tended to discontinue treatment only in the event of death (6 patients) or clinical well-being (5 patients). At the last follow-up control, with a median follow-up of 89 months, 15 patients (43%) still used TAI treatment. The median VAS satisfaction score for bowel control was 8.2. TAI demonstrates sustained benefits in LARS patients over 5 years, with significant symptom improvement and high patient satisfaction. Further studies are needed to identify predictors of long-term success."
40825813,Improvement in functional and mental outcomes after resection rectopexy for obstructive defecation syndrome ODS.,"Obstructive defecation syndrome (ODS) is a condition that causes straining and may require manual evacuation and patients' thoughts circle around defecation impairing their quality of life. Mental comorbidity-related findings suggest a mental burden in ODS patients. In an observational cohort design, this study investigated the relationship between the mental distress and their clinical symptom severity for a group of patients with ODS who underwent surgical treatment. This study included 108 consecutive patients with ODS who were scheduled for laparoscopic resection rectopexy combined with pelvic floor repair, if indicated. Clinical symptom severity (Altomare score, rectal toxicity score, and Wexner incontinence score) and mental health scores (Generalized Anxiety Disorder-7 [GAD-7] and Personal Health Questionnaire-9 [PHQ-9]) were assessed before and 6 months after surgery. Before surgery, 82.5% of patients had at least mild depressive symptoms (PHQ-9 score ≥ 5), and 55.6% of patients had at least mild anxiety (GAD-7 score ≥ 5). The severity of the mental health scores correlated with the clinical symptom severity. At the 6-month follow-up, the bowel function scores improved significantly. Depression symptoms improved, whereas only slight changes in anxiety symptoms were observed. The improvement in clinical symptom severity correlated with better mental score results, whereas the severity of the preoperative mental distress did not influence the surgical or follow-up outcomes. Patients with obstructive defecation syndrome (ODS) experience significant depression and anxiety that adversely affect their quality of life. Surgical improvement of bowel function reduces depressive symptoms and, to a lesser extent, anxiety symptoms. Early multidisciplinary intervention should be considered for effective management. Future studies should further investigate mental distress caused by ODS symptoms or other underlying psychiatric comorbidities."
40815249,Signs of Systemic Illness in the Hand.,"Many systemic illnesses have characteristic signs that are apparent in the hand. Although these findings themselves may be subtle or benign, the potential underlying illnesses can have considerable and detrimental effects to the patient involved if left untreated. It is important for hand surgeons to be able recognize these signs, understand the associated conditions, and refer the patients to the appropriate specialty provider for work-up and treatment to manage the consequences of the systemic illness. The purpose of this review is to provide an update on notable clinical signs in the hand that could indicate an untreated systemic condition that all hand surgeons should be cognizant of to ensure early referral for treatment and improve the health of our patients."
40813713,Clinical efficacy of acupoint application therapy combined with Kangyou Decoction in treating Helicobacter pylori infection with damp-heat syndrome of the middle Jiao.,"This study evaluated the clinical efficacy and safety of acupoint application of traditional Chinese medicine (TCM) combined with Kangyou Decoction in patients with Helicobacter pylori (Hp) infection presenting with damp-heat syndrome obstructing the middle jiao. A total of 416 patients with Hp infection and TCM-defined damp-heat syndrome of the middle jiao were enrolled and randomly assigned to a treatment group (n = 208) or a control group (n = 208). The control group received standard bismuth-containing quadruple therapy, while the treatment group received acupoint application of TCM combined with oral administration of Kangyou Decoction. Both groups underwent treatment for two weeks. Outcomes included Hp eradication rates, changes in TCM syndrome scores pre- and post-treatment, and the incidence of adverse reactions. Following two weeks of therapy, no statistically significant difference in Hp eradication rates was observed between the two groups (p > 0.05). Both groups demonstrated significant improvement in TCM syndrome scores (p < 0.05), with the treatment group showing a greater reduction compared to the control group (p < 0.05). The total effective rate in the treatment group was higher than that in the control group. Incidences of adverse reactions did not differ significantly between the groups (p > 0.05). Acupoint application combined with Kangyou Decoction yielded comparable Hp eradication outcomes to bismuth quadruple therapy in patients with damp-heat syndrome of the middle jiao. The combined therapy demonstrated greater improvement in clinical symptoms with a favorable safety profile, supporting its potential for clinical application."
40812940,Catatonia and Cotard's Syndrome in a Patient With Systemic Lupus Erythematosus: A Case Report.,"Systemic lupus erythematosus (SLE) is an autoimmune disease with multiorgan involvement, being the development of neuropsychiatric (NP) symptoms variable, in which the presentation of catatonia and Cotard syndrome (CoS) is rare. We report the case of a 29-year-old woman who was diagnosed with SLE in 2018 based on the presence of articular, serosal and, hematological manifestations and immunological abnormalities. During her hospitalization, inappropriate behaviors including repetitive and incoherent speech, visual and olfactory hallucinations developed, so NP involvement was considered, and quetiapine and methylprednisolone pulses were administered with good response. The patient was discharged to the care of her family, being stuporous, bradypsychic, with thought blockages and nihilistic delusions; in consequence, she was diagnosed with Cotard syndrome (CoS). Moreover, she presented symptoms of catatonia including mutism, catalepsy and rigidity. Treatment consisted of diazepam, aripiprazole 30mg/day, fluoxetine 20mg/day and prednisone 60mg/day. Catatonia can be a manifestation of NPSLE in active SLE. Catatonic symptoms and CoS in NPSLE have never been described. This is the first report of a SLE patient exhibiting CoS and catatonia."
40811515,Effectiveness of physical therapy for locomotive syndrome: A systematic review and meta-analysis protocol.,"Locomotive syndrome, characterized by impaired mobility owing to musculoskeletal disorders, poses a significant public health challenge, especially in aging populations. Locomotive syndrome limits physical activity, increases fall risk, leads to dependency, and diminishes quality of life. Effective interventions are urgently required. This systematic review and meta-analysis aims to evaluate the effectiveness of physical therapy in improving the symptoms of locomotive syndrome. A systematic evaluation of its effectiveness compared with other interventions is crucial for informing clinical practice and policy decisions. This systematic review and meta-analysis will follow the PRISMA-P guidelines. Studies involving individuals diagnosed with locomotive syndrome, without restrictions on age, sex, or location, will be included. The reviewed interventions will include exercise programs, manual therapy, neuromuscular stimulation, and balance training, which will be compared with the absence of interventions or alternative therapies. The primary outcomes will include improvements in functional mobility and physical performance, symptom reduction, and the progression of locomotive syndrome. Secondary outcomes will include adherence to therapy, safety, quality of life, and psychological well-being. Randomized controlled and non-randomized controlled trials published in peer-reviewed journals will be searched in PubMed, CENTRAL, CINAHL, PEDro, Ichushi Web, and the Thai-Journal Citation Index Center, without language restrictions. Independent reviewers will perform data extraction and assess the risk of bias. A meta-analysis will be conducted using RevMan 5.4 software, with subgroup analyses to address heterogeneity. The Grading of Recommendations Assessment, Development and Evaluation (GRADE) approach will be used to evaluate the certainty of evidence. This review aims to provide robust evidence on the effectiveness of physical therapy in managing locomotive syndrome and to potentially guide clinical practice and healthcare policy decisions."
40810787,"Protocol to improve quality of life, functionality, and exercise capacity in patients with axillary web syndrome after breast cancer: a randomized clinical trial.","To improve functionality, quality of life, and exercise capacity in women who underwent breast cancer surgery and suffered axillary web syndrome (AWS) as a sequela. Prospective, randomized, single-blind clinical trial. Single-center study. Forty-six post-breast cancer surgery patients with AWS had restricted functionality, quality of life, and exercise capacity. Stretching combined with manual therapy and scar massage to release adhesion and lymphatic cord during 15 physiotherapy sessions of 30-40 min each. Functionality was evaluated with DASH and Constant Scale, exercise capacity with IPAQ, and quality of life with EORTC QLQ-BR23. Participants were allocated to either intervention or control group using the Excel randomization tool. Blinding of the therapist was not possible due to the study's nature. Twenty-five patients were assigned to the intervention group and twenty-three to the control group, becoming twenty-four and twenty-two, respectively, for analysis. Significant differences were detected in functionality and quality of life. The intervention effect varied over time with a 95% confidence interval (alpha 0.05) and a statistical power of 90% (beta 0.1). Comparisons between groups showed significant differences in favor of the intervention group at 30, 60, and 90 days of follow-up. Stretching combined with scar massage and manipulative tissue release techniques improved functionality and quality of life in AWS patients. This physiotherapy technique could be considered the treatment of choice for this surgical sequela. gov Registry (NCT05115799) on June 10, 2021, and the approval of the Andalucía Ethics Committee (PEIBA code 1909-N1-21, reg. number 171.21)."
40797424,Retrospective analysis of the efficacy of syndrome differentiation-based nursing in pediatric upper respiratory tract infections.,"This study aims to evaluate the impact of personalized nursing based on the syndrome differentiation-based nursing model on clinical symptoms, treatment outcomes, hospital stay duration, and parental satisfaction in pediatric patients with upper respiratory tract infections (URTI). A retrospective cohort design was employed, including 100 children hospitalized for URTI in the pediatric department of our hospital between January 2023 and June 2024. Patients were divided into an observation group (receiving individualized nursing based on the syndrome differentiation model) and a control group (receiving routine nursing care). The results revealed that the observation group had significantly shorter recovery times for fever, cough, appetite, mental state, and hospital stays compared to the control group (P < .05). No significant differences were observed between the 2 groups in terms of complication rates or symptom relief (P > .05). Parental satisfaction was significantly higher in the observation group than in the control group (P < .05). The study suggests that personalized nursing based on the syndrome differentiation model effectively improves clinical symptom recovery, shortens hospital stays, and enhances parental satisfaction, showing promising clinical potential for widespread application in pediatric URTI care."
40797400,Fat embolism syndrome: Never give up - A case report and literature review.,"Fat embolism syndrome (FES) is a complex syndrome with high in-hospital mortality and the diagnosis and treatment of FES remain challenging. In this article, we present a case report as well as a comprehensive review of trauma-related cases to enhance the understanding of FES. An 18-year-old young man developed a fever, tachycardia, and dyspnea about 58 hours after the trauma. Chest computed tomography (CT) scan revealed blizzard-like changes on lung window obviously different from the initial chest CT. The patient's medical history, clinical manifestations, and auxiliary examination results, especially the bronchoalveolar lavage fluid confirmed the diagnosis. Chest CT scan demonstrated a significant absorption of the original lesions after the completion of methylprednisolone therapy for 3 days. The patient was successfully discharged from the hospital without any complication. When sudden dyspnea or altered consciousness arises, the possibility of FES should be taken into account. The bronchoalveolar lavage fluid can be helpful in diagnosing and assessing the severity of pulmonary embolism. Methylprednisolone can be employed in the treatment of FES while the complications should be considered."
40790551,Efficacy of prophylactic dexamethasone in reducing post-embolization syndrome following transcatheter arterial chemoembolization for hepatocellular carcinoma: a systematic review and meta-analysis.,"Transcatheter arterial chemoembolization (TACE) is a fundamental treatment for unresectable hepatocellular carcinoma despite its tendency to induce postembolization syndrome (PES), which can negatively impact the quality of life and treatment outcomes of patients. This study aimed to evaluate the efficacy of prophylactic dexamethasone in reducing PES following TACE. A thorough search across major databases was conducted to identify studies investigating the prophylactic use of dexamethasone in preventing and reducing PES. Efficacy was evaluated via a meta-analysis utilizing a random-effects model to determine the risk ratio (RR) and 95% confidence intervals (CIs), focusing on PES symptoms, including abdominal pain, fever, nausea, and vomiting. Among 406 meticulously reviewed studies, 5, encompassing a patient cohort of 400 individuals, were included in the final analysis. The results revealed a significant reduction in the overall incidence of abdominal pain (RR = 0.61; 95% CI: 0.51-0.75; P < 0.001), fever (RR = 0.46; 95% CI: 0.35-0.60; P < 0.001), and nausea and vomiting (RR = 0.57; 95% CI: 0.43-0.76; P < 0.001) using dexamethasone prophylactically. This meta-analysis suggested that the prophylactic administration of dexamethasone effectively prevents and reduces PES, significantly reducing the incidence of key symptoms, including abdominal pain, fever, nausea, and vomiting."
40789702,Surgical treatment for postpneumonectomy syndrome.,"Postpneumonectomy syndrome (PPS) is a rare complication after pneumonectomy characterised by severe mediastinal shift leading to airway compression and respiratory distress. We present a case of a woman in her mid-40s who developed PPS following a right pneumonectomy for bronchial mucoepidermoid carcinoma. Surgical treatment of PPS had not previously been performed in Denmark by Danish surgeons, which is why we consulted with a British surgeon. The surgery was performed in Denmark.The procedure resulted in immediate respiratory improvement, and the patient was discharged 22 days postoperatively. Follow-up demonstrated sustained airway patency and no signs of cancer recurrence. This case highlights the feasibility and effectiveness of surgical management of PPS in centres with limited prior experience and supports mediastinal repositioning with prosthetic implants as a viable treatment option in severe cases."
40784825,Catastrophic Outcome of Suspected Seventh-Day Syndrome After Liver Transplantation: Case Report and Literature Review.,"Seventh-Day Syndrome (7DS) is one of the early serious complications after liver transplantation (LT) with rapid deterioration and high mortality. The pathogenesis of such rare cases has not been clarified and effective intervention measures are lacking. This study describes the entire diagnosis and treatment process of a highly suspected 7DS patient, who ultimately died due to liver failure. In the rapidly developing information age of technology, we recommend exploring potential independent risk factors and establishing effective warning models based on clinical information to assist in clinical decision-making. A 52-year-old patient with a recurrence of liver malignancy underwent LT after matching the liver source. The postoperative pathological results confirmed HCC and cirrhosis. Previous treatment history, test and examination results, surgical procedure, and postoperative treatments were evaluated comprehensively. The patient initially recovered smoothly after surgery, but developed a fever on postoperative day 6. Subsequently, liver enzyme levels sharply increased, and anti-immune rejection therapy was ineffective. Ultrasound examination showed a significant decrease in portal vein velocity or even no blood flow signal. These were consistent with previously reported clinical manifestations and also conformed to the currently proposed mechanisms of immune damage and ischemic injury theory. Treatment of the 7DS included steroid pulse therapy, thymoglobulin, intravenous immunoglobulin, and plasma exchange therapy. Unfortunately, with the rapid and irreversible damage to the graft function leading to liver failure, the patient ultimately died due to no chance of retransplantation. 7DS is a rare and highly lethal early serious complication after LT. Due to the unclear pathogenesis, rapid disease progression, and differences in cases, it presents significant challenges for prevention, diagnosis, and treatment. Utilizing big data analysis technology to identify potential risk factors and develop a warning system for the diagnosis and treatment of 7DS may enhance clinical decision-making in the future."
40784758,Predictive factors for therapeutic response and cluster analysis in syndrome of undifferentiated recurrent fever (SURF).,"Syndrome of undifferentiated recurrent fever (SURF) refers to a group of recurrent fevers without a clear monogenic cause. Clinical spectrum, treatment response predictors and management strategies remain unclear. This study aims to longitudinally analyse a homogeneously selected cohort of 101 SURF patients, to identify factors associated with colchicine resistance and to evaluate the efficacy of interleukin-1 (IL-1) inhibitors. Patients were enrolled in the Eurofever Registry, carefully excluding those with periodic fever, aphthous stomatitis, pharyngitis and cervical adenitis (PFAPA); familial Mediterranean fever and other known monogenic recurrent fevers. Demographic, clinical and treatment data were analysed to identify predictors of colchicine resistance and define subgroups through cluster analysis. Common symptoms included fever, arthralgia, abdominal pain and myalgia, with PFAPA-like features (lymphadenopathy, tonsillitis, oral aphthae) observed in one-third of cases, sporadically. Colchicine efficacy, assessed in 77 patients, revealed complete response in the majority of patients (61%). Univariable analysis identified PFAPA-like features, including aphthous stomatitis (p=0.001), cervical lymphadenopathy (p=0.012) and exudative tonsillitis (p=0.004), as associated with colchicine resistance. Multivariable analysis confirmed aphthous stomatitis as an independent predictor of resistance (p=0.014). Tonsillectomy was ineffective. IL-1 inhibitors (anakinra, canakinumab) were beneficial in refractory cases. Cluster analysis revealed three distinct subgroups with varying symptoms and colchicine responses. These findings provide new insights into SURF, identifying predictors of colchicine resistance and supporting the efficacy of IL-1 blockade. Cluster analysis suggests the heterogeneity within SURF, reinforcing the need for refined diagnostic criteria and personalised treatment strategies."
40781937,Enzymatic Management of Facial Overfilled Syndrome: A Case Series and Narrative Review.,"Facial overfilled syndrome (FOS) is an increasingly recognized complication of injectable aesthetic procedures, characterized by undesirable facial volume and contour irregularities. While hyaluronidase is well-established for managing hyaluronic acid (HA) filler complications, treating FOS caused by non-HA fillers, such as fat and silicone, remains challenging. This study aims to present the results of a novel enzymatic therapy combining hyaluronidase, collagenase, and lipase for treating FOS in five patients with complications from HA, fat, and silicone fillers. Additionally, we conducted a narrative literature review of studies published between 2015 and 2024, focusing on FOS and its management. We performed a narrative literature review using PubMed and Google Scholar databases, identifying six key papers that specifically address FOS. Following this, we present a case series of five patients treated with a combination of 1.5 mL collagenase, 1.5 mL hyaluronidase (HASA), and 1.5 mL lipase (total volume: 4.5 mL). Enzymatic therapy was administered via cannula under ultrasound guidance, and outcomes were assessed through clinical evaluation and patient-reported satisfaction. All five patients significantly improved facial volume and contour restoration after a single treatment session. The enzymatic combination effectively addressed complications from HA, fat, and silicone fillers, with no significant adverse events reported. Patient satisfaction improved significantly, highlighting the psychological benefits of the treatment. Combining hyaluronidase, collagenase, and lipase represents a safe and effective approach for managing FOS caused by various filler types. Our study, supported by a narrative review of six key papers on FOS, underscores the importance of tailored enzymatic therapies in aesthetic medicine and calls for further research to optimize treatment protocols and expand the evidence base."
40776672,Exogenous insulin antibody syndrome in type 2 diabetes with diabetic ketoacidosis: A case report and literature review.,"Exogenous insulin antibody syndrome (EIAS) is a rare allergic reaction triggered by exogenous insulin. It typically manifests as recurrent hypoglycemia during insulin use. In some cases, patients may also experience significant elevation in their blood glucose levels. We review a case of type 2 diabetes mellitus complicated by diabetic ketoacidosis. The patient exhibited a significant increase in his blood glucose level and demonstrated a substantial insulin resistance. Only through the administration of a large amount of insulin, it was possible to gradually reduce his blood glucose level. Notably, laboratory examination revealed a significant elevation in the patient's blood insulin autoantibody. Based on these findings, the patient was diagnosed with EIAS and used glucocorticoids during treatment. Subsequently, the patient's required insulin dose decreased significantly, and the blood glucose level was effectively controlled. EIAS can significantly increase blood glucose levels and impair the hypoglycemic effect of insulin. In patients with acute metabolic disorders, such as ketoacidosis, glucocorticoid therapy can be considered."
40772751,[Benign prostate syndrome: Recommendations for treatment in the primary care setting].,"Benign prostate syndrome (BPS) is one of the most common diseases in men. As a result of subvesical obstruction caused by the enlargement of the prostate, the function of the lower urinary tract is impaired. The symptoms of BPS are determined by the occurrence of voiding and bladder storage disorders. In addition to a patient's history and physical examination, the diagnosis also includes a sonographic examination of the urinary tract. Treatment should be symptom-focused and interdisciplinary. For medical treatment, a variety of different drugs are available, which are also used in general practice. For surgical therapy, various technologies are available which are selected depending on prostate volume, comorbidities and the patient's expectations. The following text provides an overview of the relevant aspects of BPS management."
40760884,[Febrile infection-related epilepsy syndrome].,"The article presents data on febrile infection-related epilepsy syndrome (FIRES) and describes a clinical case. FIRES starts with a refractory status epilepticus in the absence of an obvious acute disease or an apparent structural, metabolic, or toxic cause. The exact etiology of this syndrome remains unknown. Although the name implies an infectious etiology, the causative agent of the infection is generally not identified. Currently, there is no effective treatment or control for this condition since no approach has been proven effective enough in studies."
40760563,Treatment of systemic lupus erythemus overlap syndrome with autoimmune hepatitis using a combination of glucocorticoids and immunosuppressive agents: Case report.,"Systemic lupus erythematosus (SLE) and autoimmune hepatitis (AIH) are distinct autoimmune disorders whose concurrent presentation (overlap syndrome) poses significant diagnostic and therapeutic challenges. While SLE-associated liver involvement is recognized, true SLE-AIH overlap is rare and lacks established management guidelines. This report details the successful management of such a case to contribute insights into this complex clinical scenario. A 35-year-old male presented with a 1-year history of intermittent facial and body rashes accompanied by significant weight loss (approximately 10 kg). Over the preceding half-month, he developed signs of liver injury, including fatigue, cold intolerance, loss of appetite, and generalized weakness. Comprehensive diagnostic evaluation, cutaneous manifestations: facial and generalized skin rash, hematologic abnormalities: cytopenia, including serological testing (positive antinuclear antibody [1:1000], anti-SS-A antibodies, elevated immunoglobulin G, rheumatoid factor, erythrocyte sedimentation rate, C-reactive protein, decreased complement C3 and C4 levels), liver function tests (persistently elevated alanine aminotransferase, aspartate aminotransferase, gamma-glutamyl transferase, alkaline phosphatase, globulin), and imaging (uneven liver texture/density on ultrasound/computed tomography), confirmed a diagnosis of SLE complicated by AIH. The diagnosis of SLE meets both the 1997 American College of Rheumatology classification criteria and the 2012 Systemic Lupus International Collaborating Clinics revised criteria. AIH diagnosis was supported by both the 1990 (score=16) and 2008 (score=7) International Autoimmune Hepatitis Group (IAIHG) scoring systems. Infectious and other common causes of liver injury were excluded. Initial management focused on controlling liver injury using intravenous and oral hepatoprotective agents (inosine, bicyclol, silibinin, compound glycyrrhizin, magnesium isoglycyrrhizinate). High-dose intravenous glucocorticoids (dexamethasone 5-10 mg daily) were initiated concurrently to suppress autoimmune activity. Upon stabilization of liver function, treatment transitioned to oral prednisone (30 mg daily) combined with the immunosuppressant leflunomide (10 mg daily). Glucocorticoids were subsequently tapered strictly according to plan, while leflunomide monotherapy was maintained long-term. Adjunctive therapies included calcium and gastric protection. Liver function tests normalized following the combined hepatoprotective and glucocorticoid therapy. The introduction and maintenance of leflunomide, alongside glucocorticoid tapering, effectively controlled SLE disease activity. At a 2-year follow-up, the patient remained clinically stable with normalized liver function, no recurrence of severe symptoms, and a good quality of life. This case highlights the efficacy of a sequential treatment approach combining glucocorticoids and immunosuppressants (specifically leflunomide) for managing SLE-AIH overlap syndrome. Early diagnosis using established criteria is crucial. Multidisciplinary collaboration is essential. Long-term leflunomide monotherapy demonstrated sustained remission in this patient, although vigilance for adverse effects (e.g., hepatotoxicity) and disease flare is necessary. The absence of specific guidelines for this overlap syndrome underscores the need for individualized treatment strategies based on SLE and AIH management principles."
40754028,Interleukin-5 is an adjunctive biomarker for engraftment syndrome in multiple myeloma patients undergoing autologous hematopoietic stem cell transplantation.,"Autologous hematopoietic stem cell transplantation (ASCT) in multiple myeloma (MM) can cause engraftment syndrome (ES), a clinical diagnosis without specific laboratory biomarkers. Herein, six cytokines commonly elevated during transplantation were chronologically detected during ASCT in 96 patients with newly diagnosed MM, 24.0 % of whom experienced ES. Among the molecules demonstrating remarkable peak levels, only IL-5 was able to differentiate ES from non-ES. IL-5 measured on day 12 emerged as an optimal indicator of ES, and its diagnostic value was enhanced when combined with the proportion of endogenous CD8<sup>+</sup> T cells after engraftment and daratumumab-naive history. Notably, IL-5 levels on day 6 (IL-5 D6) served as the earliest predictor. 70.8 % of the patients could be predicted as having ES or non-ES via the IL-5 D6 cutoff value and daratumumab treatment history. It suggests that IL-5 can aid in estimating ES, and prior exposure to daratumumab may reduce the incidence of ES."
40750124,"Clinical, diagnostic and therapeutic aspects of Mauriac syndrome, a complication of type 1 diabetes mellitus: A systematic review.","This systematic review aimed to present the main clinical, diagnostic and therapeutic aspects of Mauriac syndrome, which is a rare syndrome that mainly affects children and adolescents with uncontrolled type 1 diabetes mellitus. This review was carried out in accordance with PRISMA and registered in PROSPERO (CRD42024531249). The following databases were used in our search: PubMed, Lilacs and Scielo, on 04/02/2024. Studies that presented any data on patients with Mauriac syndrome were included, however, review studies, letters to the editor and animal studies were excluded. The risk of bias was assessed using a specific method for case reports. To analyze the results, the general, clinical, diagnostic and therapeutic characteristics were analyzed using a qualitative analysis. A total of 24 studies were included, 18 case reports and 6 case series. The patients' mean age was 16.26 years, and the mean glycated hemoglobin was 12.93%. The main signs and symptoms reported were hepatomegaly (88%), short stature (52%), cushingoid features (35%) and abdominal discomfort (26%). The means of AST, ALT, GGT, alkaline phosphatase, total cholesterol, triglycerides and lactate were above the reference value. Some studies used abdominal ultrasound (US), abdominal computed tomography (CT) or liver biopsy to make the diagnosis. CT and US showed hepatomegaly, while liver biopsies showed glycogen accumulation in hepatocytes. Treatment in most studies was based on improving blood glucose levels and diet. Therefore, Mauriac syndrome has diverse symptoms. Lab test and imaging modalities can be useful to establish diagnosis."
40748931,Pediatric Bronchiolitis Obliterans and Bronchiolitis Obliterans Syndrome: Nursing Considerations.,"Bronchiolitis obliterans/bronchiolitis obliterans syndrome is an irreversible, obstructive lung disease characterized by the narrowing of bronchioles by lung fibrosis, inflammation, and scarring. To provide acute care, transplant, and critical care nurses a summary of the disease process, causes, and treatment options for bronchiolitis obliterans in pediatric patients to promote early recognition of signs in at-risk patients. This descriptive literature review was limited to articles published in 2013 or later. Searches of the PubMed and CINAHL databases using the terms bronchiolitis obliterans and pediatric yielded 432 articles. Of these articles, 22 were used for this review. The Johns Hopkins Nursing Evidence-Based Practice appraisal tool was used to assess levels of evidence and methodologic quality of the articles. Patients in 3 main groups are at risk for bronchiolitis obliterans: those who have had respiratory infection, those who have received lung transplant, and those who have received stem cell transplant. A diagnosis of bronchiolitis obliterans requires lung biopsy and histopathology. For patients who are unable to undergo biopsy or whose biopsy results are inconclusive, bronchiolitis obliterans syndrome can be clinically identified with spirometry (forced expiratory volume in first second of expiration and forced expiratory flow at 25% to 75% of forced vital capacity) and high-resolution computed tomography. Systemic corticosteroids are often the first-line treatment; second-line strategies are under investigation. Knowledge of risk factors, signs, and current treatments for bronchiolitis obliterans/bronchiolitis obliterans syndrome can help acute care and critical care nurses decelerate progression of the disease."
40747632,Chronic urticaria and autoinflammatory syndromes.,"This review provides an updated overview of the association between chronic urticaria (CU) and autoinflammatory syndromes (AS), underlining the diagnostic and therapeutic implications of identifying CU as an initial manifestation of systemic autoinflammatory disorders. emerging evidence has reinforced the role of innate immune dysregulation in the pathogenesis of CU associated with AS, with particular involvement of the pro-inflammatory cytokines such as interleukin (IL)-1β. Several monogenic and multifactorial autoinflammatory diseases, including cryopyrin-associated periodic syndromes (CAPS), Schnitzler syndrome (SchS), Still's disease (SD), and others, may present with CU. Neutrophilic urticarial dermatosis (NUD) has been recognized as a histopathological hallmark. Early diagnosis remains challenging but is crucial, as targeted therapies, especially IL-1 inhibitors, have demonstrated significant efficacy in controlling systemic inflammation and preventing disease progression. CU refractory to conventional treatment, particularly when associated with systemic symptoms, should prompt suspicion of an underlying autoinflammatory syndrome. A comprehensive diagnostic approach, including clinical assessment, inflammatory markers evaluation, histopathological examination, and genetic testing, is essential. Recognition of the autoinflammatory nature of CU allows for timely initiation of personalized therapies, improving patient prognosis and reducing long-term morbidity."
40741795,"Surgical Treatments for Periodic Fever, Aphthous Stomatitis, Pharyngitis, and Adenitis Syndrome: Systematic Review and Network Meta-analysis.","To compare surgical versus medical treatment approaches for periodic fever, aphthous stomatitis, pharyngitis, and adenitis (PFAPA) syndrome. PubMed, Embase, Web of Science, and Cochrane. We followed the Preferred Reporting Items for Systematic Reviews and Meta-analyses-Network Meta-analyses checklist. Two authors independently reviewed the studies. Inclusion criteria comprised randomized controlled trials and cohort studies. Non-English studies, along with case series and review articles, were excluded. The primary outcome was the incidence of persistent symptoms following surgery, compared to medical treatment. Secondary outcomes included complications. The search identified 693 publications. After applying the inclusion and exclusion criteria, nine studies were included (three randomized controlled trials and six cohort studies), comprising a total of 691 patients (256 [37%] females, mean age: 2.97 years, and interquartile range: 2.3-3.3). Patients were treated with either tonsillectomy (n = 201), intracapsular tonsillectomy (IT, n = 24), or medical treatment (n = 466). Surgery was associated with a higher likelihood of symptom resolution compared to medical treatment (odds ratio [OR]: 11.7, 95% CI: 2.14-63.94). However, heterogeneity was observed across studies (I<sup>2</sup> = 80.8%, P < .01). A sensitivity analysis was performed, including randomized controlled trials. Both tonsillectomy (OR: 34.15, 95% CI: 3.77-308.95) and IT (OR: 21, 95% CI: 1.5-293.25) were associated with a greater likelihood of symptom resolution. The pooled complication rate was 6.6%, with a higher incidence in patients who underwent tonsillectomy versus IT (46/201 vs 0/24, P = .008). The pooled rate of symptom recurrence was 13.6% in patients following tonsillectomy and 37.5% in IT. Surgical management of PFAPA with tonsillectomy was superior to medical treatment. Tonsillectomy resulted in a lower recurrence rate of symptoms compared to IT, with a comparable incidence of complications to existing literature. However, given the limited number of patients in the IT group, these findings should be interpreted with caution, and further randomized studies are warranted."
